candidate_id	candidate_id_lower	species	tox_fasta_path	alphafold_folder	alphafold_cif_path	alphafold_json_path	has_structure
Ablabera_sp_1	ablabera_sp_1	Ablabera_sp	00_inputs/toxin/Ablabera_sp/GKKP00000000.toxin_renomeado.fasta	00_inputs/AlphaFold/ablabera_sp_1	00_inputs/AlphaFold/ablabera_sp_1/fold_ablabera_sp_1_model_0.cif	00_inputs/AlphaFold/ablabera_sp_1/fold_ablabera_sp_1_full_data_0.json	1
Ablabera_sp_2	ablabera_sp_2	Ablabera_sp	00_inputs/toxin/Ablabera_sp/GKKP00000000.toxin_renomeado.fasta	00_inputs/AlphaFold/ablabera_sp_2	00_inputs/AlphaFold/ablabera_sp_2/fold_ablabera_sp_2_model_0.cif	00_inputs/AlphaFold/ablabera_sp_2/fold_ablabera_sp_2_full_data_0.json	1
Acalymma_vittatum_1	acalymma_vittatum_1	Acalymma_vittatum	00_inputs/toxin/Acalymma_vittatum/Acalymma_vittatum.fas.pasta.toxin_renomeado.fasta	00_inputs/AlphaFold/acalymma_vittatum_1	00_inputs/AlphaFold/acalymma_vittatum_1/fold_acalymma_vittatum_1_model_0.cif	00_inputs/AlphaFold/acalymma_vittatum_1/fold_acalymma_vittatum_1_full_data_0.json	1
Acalymma_vittatum_2	acalymma_vittatum_2	Acalymma_vittatum	00_inputs/toxin/Acalymma_vittatum/Acalymma_vittatum.fas.pasta.toxin_renomeado.fasta	00_inputs/AlphaFold/acalymma_vittatum_2	00_inputs/AlphaFold/acalymma_vittatum_2/fold_acalymma_vittatum_2_model_0.cif	00_inputs/AlphaFold/acalymma_vittatum_2/fold_acalymma_vittatum_2_full_data_0.json	1
Acalymma_vittatum_3	acalymma_vittatum_3	Acalymma_vittatum	00_inputs/toxin/Acalymma_vittatum/Acalymma_vittatum.fas.pasta.toxin_renomeado.fasta	00_inputs/AlphaFold/acalymma_vittatum_3	00_inputs/AlphaFold/acalymma_vittatum_3/fold_acalymma_vittatum_3_model_0.cif	00_inputs/AlphaFold/acalymma_vittatum_3/fold_acalymma_vittatum_3_full_data_0.json	1
Acalymma_vittatum_4	acalymma_vittatum_4	Acalymma_vittatum	00_inputs/toxin/Acalymma_vittatum/Acalymma_vittatum.fas.pasta.toxin_renomeado.fasta	00_inputs/AlphaFold/acalymma_vittatum_4	00_inputs/AlphaFold/acalymma_vittatum_4/fold_acalymma_vittatum_4_model_0.cif	00_inputs/AlphaFold/acalymma_vittatum_4/fold_acalymma_vittatum_4_full_data_0.json	1
Acalymma_vittatum_5	acalymma_vittatum_5	Acalymma_vittatum	00_inputs/toxin/Acalymma_vittatum/Acalymma_vittatum.fas.pasta.toxin_renomeado.fasta	00_inputs/AlphaFold/acalymma_vittatum_5	00_inputs/AlphaFold/acalymma_vittatum_5/fold_acalymma_vittatum_5_model_0.cif	00_inputs/AlphaFold/acalymma_vittatum_5/fold_acalymma_vittatum_5_full_data_0.json	1
GHXO00000000_1	ghxo00000000_1	Acalymma_vittatum	00_inputs/toxin/Acalymma_vittatum/GHXO00000000/GHXO00000000.toxin_renomeado.fasta				0
GHXO00000000_2	ghxo00000000_2	Acalymma_vittatum	00_inputs/toxin/Acalymma_vittatum/GHXO00000000/GHXO00000000.toxin_renomeado.fasta				0
GHXO00000000_3	ghxo00000000_3	Acalymma_vittatum	00_inputs/toxin/Acalymma_vittatum/GHXO00000000/GHXO00000000.toxin_renomeado.fasta				0
GHXO00000000_4	ghxo00000000_4	Acalymma_vittatum	00_inputs/toxin/Acalymma_vittatum/GHXO00000000/GHXO00000000.toxin_renomeado.fasta				0
GHXO00000000_5	ghxo00000000_5	Acalymma_vittatum	00_inputs/toxin/Acalymma_vittatum/GHXO00000000/GHXO00000000.toxin_renomeado.fasta				0
GHXO00000000_6	ghxo00000000_6	Acalymma_vittatum	00_inputs/toxin/Acalymma_vittatum/GHXO00000000/GHXO00000000.toxin_renomeado.fasta				0
GHXO00000000_7	ghxo00000000_7	Acalymma_vittatum	00_inputs/toxin/Acalymma_vittatum/GHXO00000000/GHXO00000000.toxin_renomeado.fasta				0
Aethina_tumida_1	aethina_tumida_1	Aethina_tumida	00_inputs/toxin/Aethina_tumida/Aethina_tumida.fas.pasta.toxin_renomeado.fasta	00_inputs/AlphaFold/aethina_tumida_1	00_inputs/AlphaFold/aethina_tumida_1/fold_aethina_tumida_1_model_0.cif	00_inputs/AlphaFold/aethina_tumida_1/fold_aethina_tumida_1_full_data_0.json	1
Aethina_tumida_2	aethina_tumida_2	Aethina_tumida	00_inputs/toxin/Aethina_tumida/Aethina_tumida.fas.pasta.toxin_renomeado.fasta	00_inputs/AlphaFold/aethina_tumida_2	00_inputs/AlphaFold/aethina_tumida_2/fold_aethina_tumida_2_model_0.cif	00_inputs/AlphaFold/aethina_tumida_2/fold_aethina_tumida_2_full_data_0.json	1
Aethina_tumida_3	aethina_tumida_3	Aethina_tumida	00_inputs/toxin/Aethina_tumida/Aethina_tumida.fas.pasta.toxin_renomeado.fasta	00_inputs/AlphaFold/aethina_tumida_3	00_inputs/AlphaFold/aethina_tumida_3/fold_aethina_tumida_3_model_0.cif	00_inputs/AlphaFold/aethina_tumida_3/fold_aethina_tumida_3_full_data_0.json	1
Aethina_tumida_4	aethina_tumida_4	Aethina_tumida	00_inputs/toxin/Aethina_tumida/Aethina_tumida.fas.pasta.toxin_renomeado.fasta	00_inputs/AlphaFold/aethina_tumida_4	00_inputs/AlphaFold/aethina_tumida_4/fold_aethina_tumida_4_model_0.cif	00_inputs/AlphaFold/aethina_tumida_4/fold_aethina_tumida_4_full_data_0.json	1
Allokotarsa_sp_1	allokotarsa_sp_1	Allokotarsa_sp	00_inputs/toxin/Allokotarsa_sp/GKKN00000000.toxin_renomeado.fasta	00_inputs/AlphaFold/allokotarsa_sp_1	00_inputs/AlphaFold/allokotarsa_sp_1/fold_allokotarsa_sp_1_model_0.cif	00_inputs/AlphaFold/allokotarsa_sp_1/fold_allokotarsa_sp_1_full_data_0.json	1
Allokotarsa_sp_2	allokotarsa_sp_2	Allokotarsa_sp	00_inputs/toxin/Allokotarsa_sp/GKKN00000000.toxin_renomeado.fasta	00_inputs/AlphaFold/allokotarsa_sp_2	00_inputs/AlphaFold/allokotarsa_sp_2/fold_allokotarsa_sp_2_model_0.cif	00_inputs/AlphaFold/allokotarsa_sp_2/fold_allokotarsa_sp_2_full_data_0.json	1
Allokotarsa_sp_3	allokotarsa_sp_3	Allokotarsa_sp	00_inputs/toxin/Allokotarsa_sp/GKKN00000000.toxin_renomeado.fasta	00_inputs/AlphaFold/allokotarsa_sp_3	00_inputs/AlphaFold/allokotarsa_sp_3/fold_allokotarsa_sp_3_model_0.cif	00_inputs/AlphaFold/allokotarsa_sp_3/fold_allokotarsa_sp_3_full_data_0.json	1
Alurnus_ornatus_1	alurnus_ornatus_1	Alurnus_ornatus	00_inputs/toxin/Alurnus_ornatus/Alurnus_ornatus.fas.pasta.toxin_renomeado.fasta	00_inputs/AlphaFold/alurnus_ornatus_1	00_inputs/AlphaFold/alurnus_ornatus_1/fold_alurnus_ornatus_1_model_0.cif	00_inputs/AlphaFold/alurnus_ornatus_1/fold_alurnus_ornatus_1_full_data_0.json	1
Alurnus_ornatus_2	alurnus_ornatus_2	Alurnus_ornatus	00_inputs/toxin/Alurnus_ornatus/Alurnus_ornatus.fas.pasta.toxin_renomeado.fasta	00_inputs/AlphaFold/alurnus_ornatus_2	00_inputs/AlphaFold/alurnus_ornatus_2/fold_alurnus_ornatus_2_model_0.cif	00_inputs/AlphaFold/alurnus_ornatus_2/fold_alurnus_ornatus_2_full_data_0.json	1
Alurnus_ornatus_3	alurnus_ornatus_3	Alurnus_ornatus	00_inputs/toxin/Alurnus_ornatus/Alurnus_ornatus.fas.pasta.toxin_renomeado.fasta	00_inputs/AlphaFold/alurnus_ornatus_3	00_inputs/AlphaFold/alurnus_ornatus_3/fold_alurnus_ornatus_3_model_0.cif	00_inputs/AlphaFold/alurnus_ornatus_3/fold_alurnus_ornatus_3_full_data_0.json	1
GDOF00000000_1	gdof00000000_1	Alurnus_ornatus	00_inputs/toxin/Alurnus_ornatus/GDOF00000000/GDOF00000000.toxin_renomeado.fasta				0
GDOF00000000_2	gdof00000000_2	Alurnus_ornatus	00_inputs/toxin/Alurnus_ornatus/GDOF00000000/GDOF00000000.toxin_renomeado.fasta				0
Amphimallon_solstitiale_1	amphimallon_solstitiale_1	Amphimallon_solstitiale	00_inputs/toxin/Amphimallon_solstitiale/GKIQ00000000.toxin_renomeado.fasta	00_inputs/AlphaFold/amphimallon_solstitiale_1	00_inputs/AlphaFold/amphimallon_solstitiale_1/fold_amphimallon_solstitiale_1_model_0.cif	00_inputs/AlphaFold/amphimallon_solstitiale_1/fold_amphimallon_solstitiale_1_full_data_0.json	1
Amphimallon_solstitiale_2	amphimallon_solstitiale_2	Amphimallon_solstitiale	00_inputs/toxin/Amphimallon_solstitiale/GKIQ00000000.toxin_renomeado.fasta	00_inputs/AlphaFold/amphimallon_solstitiale_2	00_inputs/AlphaFold/amphimallon_solstitiale_2/fold_amphimallon_solstitiale_2_model_0.cif	00_inputs/AlphaFold/amphimallon_solstitiale_2/fold_amphimallon_solstitiale_2_full_data_0.json	1
Amphizoa_insolens_1	amphizoa_insolens_1	Amphizoa_insolens	00_inputs/toxin/Amphizoa_insolens/Amphizoa_insolens.fas.pasta.toxin_renomeado.fasta	00_inputs/AlphaFold/amphizoa_insolens_1	00_inputs/AlphaFold/amphizoa_insolens_1/fold_amphizoa_insolens_1_model_0.cif	00_inputs/AlphaFold/amphizoa_insolens_1/fold_amphizoa_insolens_1_full_data_0.json	1
Amphizoa_lecontei_1	amphizoa_lecontei_1	Amphizoa_lecontei	00_inputs/toxin/Amphizoa_lecontei/Amphizoa_lecontei.fas.pasta.toxin_renomeado.fasta	00_inputs/AlphaFold/amphizoa_lecontei_1	00_inputs/AlphaFold/amphizoa_lecontei_1/fold_amphizoa_lecontei_1_model_0.cif	00_inputs/AlphaFold/amphizoa_lecontei_1/fold_amphizoa_lecontei_1_full_data_0.json	1
GFUH00000000_1	gfuh00000000_1	Amphizoa_lecontei	00_inputs/toxin/Amphizoa_lecontei/GFUH00000000/GFUH00000000.toxin_renomeado.fasta				0
GFUH00000000_2	gfuh00000000_2	Amphizoa_lecontei	00_inputs/toxin/Amphizoa_lecontei/GFUH00000000/GFUH00000000.toxin_renomeado.fasta				0
GFUH00000000_3	gfuh00000000_3	Amphizoa_lecontei	00_inputs/toxin/Amphizoa_lecontei/GFUH00000000/GFUH00000000.toxin_renomeado.fasta				0
Anomala_sp_1	anomala_sp_1	Anomala_sp	00_inputs/toxin/Anomala_sp/Anomala_sp.fas.pasta.toxin_renomeado.fasta	00_inputs/AlphaFold/anomala_sp_1	00_inputs/AlphaFold/anomala_sp_1/fold_anomala_sp_1_model_0.cif	00_inputs/AlphaFold/anomala_sp_1/fold_anomala_sp_1_full_data_0.json	1
Anomala_sp_2	anomala_sp_2	Anomala_sp	00_inputs/toxin/Anomala_sp/Anomala_sp.fas.pasta.toxin_renomeado.fasta	00_inputs/AlphaFold/anomala_sp_2	00_inputs/AlphaFold/anomala_sp_2/fold_anomala_sp_2_model_0.cif	00_inputs/AlphaFold/anomala_sp_2/fold_anomala_sp_2_full_data_0.json	1
GKJH00000000_1	gkjh00000000_1	Anomala_sp	00_inputs/toxin/Anomala_sp/GKJH00000000/GKJH00000000.toxin_renomeado.fasta				0
GKJH00000000_2	gkjh00000000_2	Anomala_sp	00_inputs/toxin/Anomala_sp/GKJH00000000/GKJH00000000.toxin_renomeado.fasta				0
Anoplophora_glabripennis_1	anoplophora_glabripennis_1	Anoplophora_glabripennis	00_inputs/toxin/Anoplophora_glabripennis/Anoplophora_glabripennis.fas.pasta.toxin_renomeado.fasta	00_inputs/AlphaFold/anoplophora_glabripennis_1	00_inputs/AlphaFold/anoplophora_glabripennis_1/fold_anoplophora_glabripennis_1_model_0.cif	00_inputs/AlphaFold/anoplophora_glabripennis_1/fold_anoplophora_glabripennis_1_full_data_0.json	1
Aphodius_haemorrhoidalis_1	aphodius_haemorrhoidalis_1	Aphodius_haemorrhoidalis	00_inputs/toxin/Aphodius_haemorrhoidalis/GKIW00000000.toxin_renomeado.fasta	00_inputs/AlphaFold/aphodius_haemorrhoidalis_1	00_inputs/AlphaFold/aphodius_haemorrhoidalis_1/fold_aphodius_haemorrhoidalis_1_model_0.cif	00_inputs/AlphaFold/aphodius_haemorrhoidalis_1/fold_aphodius_haemorrhoidalis_1_full_data_0.json	1
Aphodius_scrutator_1	aphodius_scrutator_1	Aphodius_scrutator	00_inputs/toxin/Aphodius_scrutator/GKIV00000000.toxin_renomeado.fasta	00_inputs/AlphaFold/aphodius_scrutator_1	00_inputs/AlphaFold/aphodius_scrutator_1/fold_aphodius_scrutator_1_model_0.cif	00_inputs/AlphaFold/aphodius_scrutator_1/fold_aphodius_scrutator_1_full_data_0.json	1
Aphodius_scrutator_2	aphodius_scrutator_2	Aphodius_scrutator	00_inputs/toxin/Aphodius_scrutator/GKIV00000000.toxin_renomeado.fasta	00_inputs/AlphaFold/aphodius_scrutator_2	00_inputs/AlphaFold/aphodius_scrutator_2/fold_aphodius_scrutator_2_model_0.cif	00_inputs/AlphaFold/aphodius_scrutator_2/fold_aphodius_scrutator_2_full_data_0.json	1
Aphodius_scrutator_3	aphodius_scrutator_3	Aphodius_scrutator	00_inputs/toxin/Aphodius_scrutator/GKIV00000000.toxin_renomeado.fasta	00_inputs/AlphaFold/aphodius_scrutator_3	00_inputs/AlphaFold/aphodius_scrutator_3/fold_aphodius_scrutator_3_model_0.cif	00_inputs/AlphaFold/aphodius_scrutator_3/fold_aphodius_scrutator_3_full_data_0.json	1
Aphodius_scrutator_4	aphodius_scrutator_4	Aphodius_scrutator	00_inputs/toxin/Aphodius_scrutator/GKIV00000000.toxin_renomeado.fasta	00_inputs/AlphaFold/aphodius_scrutator_4	00_inputs/AlphaFold/aphodius_scrutator_4/fold_aphodius_scrutator_4_model_0.cif	00_inputs/AlphaFold/aphodius_scrutator_4/fold_aphodius_scrutator_4_full_data_0.json	1
Aphodius_scrutator_5	aphodius_scrutator_5	Aphodius_scrutator	00_inputs/toxin/Aphodius_scrutator/GKIV00000000.toxin_renomeado.fasta	00_inputs/AlphaFold/aphodius_scrutator_5	00_inputs/AlphaFold/aphodius_scrutator_5/fold_aphodius_scrutator_5_model_0.cif	00_inputs/AlphaFold/aphodius_scrutator_5/fold_aphodius_scrutator_5_full_data_0.json	1
Aromia_moschata_1	aromia_moschata_1	Aromia_moschata	00_inputs/toxin/Aromia_moschata/Aromia_moschata.fas.pasta.toxin_renomeado.fasta	00_inputs/AlphaFold/aromia_moschata_1	00_inputs/AlphaFold/aromia_moschata_1/fold_aromia_moschata_1_model_0.cif	00_inputs/AlphaFold/aromia_moschata_1/fold_aromia_moschata_1_full_data_0.json	1
SRR2083631_1	srr2083631_1	Aromia_moschata	00_inputs/toxin/Aromia_moschata/SRR2083631/SRR2083631.toxin_renomeado.fasta				0
SRR2083631_2	srr2083631_2	Aromia_moschata	00_inputs/toxin/Aromia_moschata/SRR2083631/SRR2083631.toxin_renomeado.fasta				0
Astenopholis_sp_1	astenopholis_sp_1	Astenopholis_sp	00_inputs/toxin/Astenopholis_sp/Astenopholis_sp.fas.pasta.toxin_renomeado.fasta	00_inputs/AlphaFold/astenopholis_sp_1	00_inputs/AlphaFold/astenopholis_sp_1/fold_astenopholis_sp_1_model_0.cif	00_inputs/AlphaFold/astenopholis_sp_1/fold_astenopholis_sp_1_full_data_0.json	1
GKJJ00000000_1	gkjj00000000_1	Astenopholis_sp	00_inputs/toxin/Astenopholis_sp/GKJJ00000000/GKJJ00000000.toxin_renomeado.fasta				0
Batrachomatus_nannup_1	batrachomatus_nannup_1	Batrachomatus_nannup	00_inputs/toxin/Batrachomatus_nannup/Batrachomatus_nannup.fas.pasta.toxin_renomeado.fasta	00_inputs/AlphaFold/batrachomatus_nannup_1	00_inputs/AlphaFold/batrachomatus_nannup_1/fold_batrachomatus_nannup_1_model_0.cif	00_inputs/AlphaFold/batrachomatus_nannup_1/fold_batrachomatus_nannup_1_full_data_0.json	1
Batrachomatus_nannup_2	batrachomatus_nannup_2	Batrachomatus_nannup	00_inputs/toxin/Batrachomatus_nannup/Batrachomatus_nannup.fas.pasta.toxin_renomeado.fasta	00_inputs/AlphaFold/batrachomatus_nannup_2	00_inputs/AlphaFold/batrachomatus_nannup_2/fold_batrachomatus_nannup_2_model_0.cif	00_inputs/AlphaFold/batrachomatus_nannup_2/fold_batrachomatus_nannup_2_full_data_0.json	1
GFUJ00000000_1	gfuj00000000_1	Batrachomatus_nannup	00_inputs/toxin/Batrachomatus_nannup/GFUJ00000000/GFUJ00000000.toxin_renomeado.fasta				0
Bolboceras_sp_1	bolboceras_sp_1	Bolboceras_sp	00_inputs/toxin/Bolboceras_sp/GKKA00000000.toxin_renomeado.fasta	00_inputs/AlphaFold/bolboceras_sp_1	00_inputs/AlphaFold/bolboceras_sp_1/fold_bolboceras_sp_1_model_0.cif	00_inputs/AlphaFold/bolboceras_sp_1/fold_bolboceras_sp_1_full_data_0.json	1
Bolboceras_sp_2	bolboceras_sp_2	Bolboceras_sp	00_inputs/toxin/Bolboceras_sp/GKKA00000000.toxin_renomeado.fasta	00_inputs/AlphaFold/bolboceras_sp_2	00_inputs/AlphaFold/bolboceras_sp_2/fold_bolboceras_sp_2_model_0.cif	00_inputs/AlphaFold/bolboceras_sp_2/fold_bolboceras_sp_2_full_data_0.json	1
Bolboceras_sp_3	bolboceras_sp_3	Bolboceras_sp	00_inputs/toxin/Bolboceras_sp/GKKA00000000.toxin_renomeado.fasta	00_inputs/AlphaFold/bolboceras_sp_3	00_inputs/AlphaFold/bolboceras_sp_3/fold_bolboceras_sp_3_model_0.cif	00_inputs/AlphaFold/bolboceras_sp_3/fold_bolboceras_sp_3_full_data_0.json	1
Brassicogethes_aeneus_1	brassicogethes_aeneus_1	Brassicogethes_aeneus	00_inputs/toxin/Brassicogethes_aeneus/Brassicogethes_aeneus.fas.pasta.toxin_renomeado.fasta	00_inputs/AlphaFold/brassicogethes_aeneus_1	00_inputs/AlphaFold/brassicogethes_aeneus_1/fold_brassicogethes_aeneus_1_model_0.cif	00_inputs/AlphaFold/brassicogethes_aeneus_1/fold_brassicogethes_aeneus_1_full_data_0.json	1
Brassicogethes_aeneus_2	brassicogethes_aeneus_2	Brassicogethes_aeneus	00_inputs/toxin/Brassicogethes_aeneus/Brassicogethes_aeneus.fas.pasta.toxin_renomeado.fasta	00_inputs/AlphaFold/brassicogethes_aeneus_2	00_inputs/AlphaFold/brassicogethes_aeneus_2/fold_brassicogethes_aeneus_2_model_0.cif	00_inputs/AlphaFold/brassicogethes_aeneus_2/fold_brassicogethes_aeneus_2_full_data_0.json	1
GJVN00000000_1	gjvn00000000_1	Brassicogethes_aeneus	00_inputs/toxin/Brassicogethes_aeneus/GJVN00000000/GJVN00000000.toxin_renomeado.fasta				0
Byrrhus_pilula_1	byrrhus_pilula_1	Byrrhus_pilula	00_inputs/toxin/Byrrhus_pilula/Byrrhus_pilula.fas.pasta.toxin_renomeado.fasta	00_inputs/AlphaFold/byrrhus_pilula_1	00_inputs/AlphaFold/byrrhus_pilula_1/fold_byrrhus_pilula_1_model_0.cif	00_inputs/AlphaFold/byrrhus_pilula_1/fold_byrrhus_pilula_1_full_data_0.json	1
Byrrhus_pilula_2	byrrhus_pilula_2	Byrrhus_pilula	00_inputs/toxin/Byrrhus_pilula/Byrrhus_pilula.fas.pasta.toxin_renomeado.fasta	00_inputs/AlphaFold/byrrhus_pilula_2	00_inputs/AlphaFold/byrrhus_pilula_2/fold_byrrhus_pilula_2_model_0.cif	00_inputs/AlphaFold/byrrhus_pilula_2/fold_byrrhus_pilula_2_full_data_0.json	1
Byrrhus_pilula_3	byrrhus_pilula_3	Byrrhus_pilula	00_inputs/toxin/Byrrhus_pilula/Byrrhus_pilula.fas.pasta.toxin_renomeado.fasta	00_inputs/AlphaFold/byrrhus_pilula_3	00_inputs/AlphaFold/byrrhus_pilula_3/fold_byrrhus_pilula_3_model_0.cif	00_inputs/AlphaFold/byrrhus_pilula_3/fold_byrrhus_pilula_3_full_data_0.json	1
Byrrhus_pilula_4	byrrhus_pilula_4	Byrrhus_pilula	00_inputs/toxin/Byrrhus_pilula/Byrrhus_pilula.fas.pasta.toxin_renomeado.fasta	00_inputs/AlphaFold/byrrhus_pilula_4	00_inputs/AlphaFold/byrrhus_pilula_4/fold_byrrhus_pilula_4_model_0.cif	00_inputs/AlphaFold/byrrhus_pilula_4/fold_byrrhus_pilula_4_full_data_0.json	1
Byrrhus_pilula_5	byrrhus_pilula_5	Byrrhus_pilula	00_inputs/toxin/Byrrhus_pilula/Byrrhus_pilula.fas.pasta.toxin_renomeado.fasta	00_inputs/AlphaFold/byrrhus_pilula_5	00_inputs/AlphaFold/byrrhus_pilula_5/fold_byrrhus_pilula_5_model_0.cif	00_inputs/AlphaFold/byrrhus_pilula_5/fold_byrrhus_pilula_5_full_data_0.json	1
GDMI00000000_1	gdmi00000000_1	Byrrhus_pilula	00_inputs/toxin/Byrrhus_pilula/GDMI00000000/GDMI00000000.toxin_renomeado.fasta				0
Byturus_ochraceus_1	byturus_ochraceus_1	Byturus_ochraceus	00_inputs/toxin/Byturus_ochraceus/Byturus_ochraceus.fas.pasta.toxin_renomeado.fasta	00_inputs/AlphaFold/byturus_ochraceus_1	00_inputs/AlphaFold/byturus_ochraceus_1/fold_byturus_ochraceus_1_model_0.cif	00_inputs/AlphaFold/byturus_ochraceus_1/fold_byturus_ochraceus_1_full_data_0.json	1
GDLG00000000_1	gdlg00000000_1	Byturus_ochraceus	00_inputs/toxin/Byturus_ochraceus/GDLG00000000/GDLG00000000.toxin_renomeado.fasta				0
Callosobruchus_maculatus_1	callosobruchus_maculatus_1	Callosobruchus_maculatus	00_inputs/toxin/Callosobruchus_maculatus/Callosobruchus_maculatus.fas.pasta.toxin_renomeado.fasta	00_inputs/AlphaFold/callosobruchus_maculatus_1	00_inputs/AlphaFold/callosobruchus_maculatus_1/fold_callosobruchus_maculatus_1_model_0.cif	00_inputs/AlphaFold/callosobruchus_maculatus_1/fold_callosobruchus_maculatus_1_full_data_0.json	1
GEUF00000000_1	geuf00000000_1	Callosobruchus_maculatus	00_inputs/toxin/Callosobruchus_maculatus/GEUF00000000/GEUF00000000.toxin_renomeado.fasta				0
SRR31715513_1	srr31715513_1	Callosobruchus_maculatus	00_inputs/toxin/Callosobruchus_maculatus/SRR31715513/SRR31715513.toxin_renomeado.fasta				0
Calosoma_frigidum_1	calosoma_frigidum_1	Calosoma_frigidum	00_inputs/toxin/Calosoma_frigidum/Calosoma_frigidum.fas.pasta.toxin_renomeado.fasta	00_inputs/AlphaFold/calosoma_frigidum_1	00_inputs/AlphaFold/calosoma_frigidum_1/fold_calosoma_frigidum_1_model_0.cif	00_inputs/AlphaFold/calosoma_frigidum_1/fold_calosoma_frigidum_1_full_data_0.json	1
Carabus_violaceus_1	carabus_violaceus_1	Carabus_violaceus	00_inputs/toxin/Carabus_violaceus/Carabus_violaceus.fas.pasta.toxin_renomeado.fasta	00_inputs/AlphaFold/carabus_violaceus_1	00_inputs/AlphaFold/carabus_violaceus_1/fold_carabus_violaceus_1_model_0.cif	00_inputs/AlphaFold/carabus_violaceus_1/fold_carabus_violaceus_1_full_data_0.json	1
Carabus_violaceus_2	carabus_violaceus_2	Carabus_violaceus	00_inputs/toxin/Carabus_violaceus/Carabus_violaceus.fas.pasta.toxin_renomeado.fasta	00_inputs/AlphaFold/carabus_violaceus_2	00_inputs/AlphaFold/carabus_violaceus_2/fold_carabus_violaceus_2_model_0.cif	00_inputs/AlphaFold/carabus_violaceus_2/fold_carabus_violaceus_2_full_data_0.json	1
GIFB00000000_1	gifb00000000_1	Carabus_violaceus	00_inputs/toxin/Carabus_violaceus/GIFB00000000/GIFB00000000.toxin_renomeado.fasta				0
GIFB00000000_2	gifb00000000_2	Carabus_violaceus	00_inputs/toxin/Carabus_violaceus/GIFB00000000/GIFB00000000.toxin_renomeado.fasta				0
Catharsius_molossus_1	catharsius_molossus_1	Catharsius_molossus	00_inputs/toxin/Catharsius_molossus/Catharsius_molossus.fas.pasta.toxin_renomeado.fasta	00_inputs/AlphaFold/catharsius_molossus_1	00_inputs/AlphaFold/catharsius_molossus_1/fold_catharsius_molossus_1_model_0.cif	00_inputs/AlphaFold/catharsius_molossus_1/fold_catharsius_molossus_1_full_data_0.json	1
Catharsius_molossus_2	catharsius_molossus_2	Catharsius_molossus	00_inputs/toxin/Catharsius_molossus/Catharsius_molossus.fas.pasta.toxin_renomeado.fasta	00_inputs/AlphaFold/catharsius_molossus_2	00_inputs/AlphaFold/catharsius_molossus_2/fold_catharsius_molossus_2_model_0.cif	00_inputs/AlphaFold/catharsius_molossus_2/fold_catharsius_molossus_2_full_data_0.json	1
GJBK00000000_1	gjbk00000000_1	Catharsius_molossus	00_inputs/toxin/Catharsius_molossus/GJBK00000000/GJBK00000000.toxin_renomeado.fasta				0
GJBK00000000_2	gjbk00000000_2	Catharsius_molossus	00_inputs/toxin/Catharsius_molossus/GJBK00000000/GJBK00000000.toxin_renomeado.fasta				0
Ceutorhynchus_napi_1	ceutorhynchus_napi_1	Ceutorhynchus_napi	00_inputs/toxin/Ceutorhynchus_napi/Ceutorhynchus_napi.fas.pasta.toxin_renomeado.fasta	00_inputs/AlphaFold/ceutorhynchus_napi_1	00_inputs/AlphaFold/ceutorhynchus_napi_1/fold_ceutorhynchus_napi_1_model_0.cif	00_inputs/AlphaFold/ceutorhynchus_napi_1/fold_ceutorhynchus_napi_1_full_data_0.json	1
Ceutorhynchus_napi_2	ceutorhynchus_napi_2	Ceutorhynchus_napi	00_inputs/toxin/Ceutorhynchus_napi/Ceutorhynchus_napi.fas.pasta.toxin_renomeado.fasta	00_inputs/AlphaFold/ceutorhynchus_napi_2	00_inputs/AlphaFold/ceutorhynchus_napi_2/fold_ceutorhynchus_napi_2_model_0.cif	00_inputs/AlphaFold/ceutorhynchus_napi_2/fold_ceutorhynchus_napi_2_full_data_0.json	1
Ceutorhynchus_napi_3	ceutorhynchus_napi_3	Ceutorhynchus_napi	00_inputs/toxin/Ceutorhynchus_napi/Ceutorhynchus_napi.fas.pasta.toxin_renomeado.fasta	00_inputs/AlphaFold/ceutorhynchus_napi_3	00_inputs/AlphaFold/ceutorhynchus_napi_3/fold_ceutorhynchus_napi_3_model_0.cif	00_inputs/AlphaFold/ceutorhynchus_napi_3/fold_ceutorhynchus_napi_3_full_data_0.json	1
GJVO00000000_1	gjvo00000000_1	Ceutorhynchus_napi	00_inputs/toxin/Ceutorhynchus_napi/GJVO00000000/GJVO00000000.toxin_renomeado.fasta				0
Cicindela_hybrida_1	cicindela_hybrida_1	Cicindela_hybrida	00_inputs/toxin/Cicindela_hybrida/Cicindela_hybrida.fas.pasta.toxin_renomeado.fasta	00_inputs/AlphaFold/cicindela_hybrida_1	00_inputs/AlphaFold/cicindela_hybrida_1/fold_cicindela_hybrida_1_model_0.cif	00_inputs/AlphaFold/cicindela_hybrida_1/fold_cicindela_hybrida_1_full_data_0.json	1
Copris_lunaris_1	copris_lunaris_1	Copris_lunaris	00_inputs/toxin/Copris_lunaris/GKIU00000000.toxin_renomeado.fasta	00_inputs/AlphaFold/copris_lunaris_1	00_inputs/AlphaFold/copris_lunaris_1/fold_copris_lunaris_1_model_0.cif	00_inputs/AlphaFold/copris_lunaris_1/fold_copris_lunaris_1_full_data_0.json	1
Copris_lunaris_2	copris_lunaris_2	Copris_lunaris	00_inputs/toxin/Copris_lunaris/GKIU00000000.toxin_renomeado.fasta	00_inputs/AlphaFold/copris_lunaris_2	00_inputs/AlphaFold/copris_lunaris_2/fold_copris_lunaris_2_model_0.cif	00_inputs/AlphaFold/copris_lunaris_2/fold_copris_lunaris_2_full_data_0.json	1
Copris_lunaris_3	copris_lunaris_3	Copris_lunaris	00_inputs/toxin/Copris_lunaris/GKIU00000000.toxin_renomeado.fasta	00_inputs/AlphaFold/copris_lunaris_3	00_inputs/AlphaFold/copris_lunaris_3/fold_copris_lunaris_3_model_0.cif	00_inputs/AlphaFold/copris_lunaris_3/fold_copris_lunaris_3_full_data_0.json	1
Cucujus_clavipes_1	cucujus_clavipes_1	Cucujus_clavipes	00_inputs/toxin/Cucujus_clavipes/Cucujus_clavipes.fas.pasta.toxin_renomeado.fasta	00_inputs/AlphaFold/cucujus_clavipes_1	00_inputs/AlphaFold/cucujus_clavipes_1/fold_cucujus_clavipes_1_model_0.cif	00_inputs/AlphaFold/cucujus_clavipes_1/fold_cucujus_clavipes_1_full_data_0.json	1
GDNW00000000_1	gdnw00000000_1	Cucujus_clavipes	00_inputs/toxin/Cucujus_clavipes/GDNW00000000/GDNW00000000.toxin_renomeado.fasta				0
Dastarcus_helophoroides_1	dastarcus_helophoroides_1	Dastarcus_helophoroides	00_inputs/toxin/Dastarcus_helophoroides/Dastarcus_helophoroides.fas.pasta.toxin_renomeado.fasta	00_inputs/AlphaFold/dastarcus_helophoroides_1	00_inputs/AlphaFold/dastarcus_helophoroides_1/fold_dastarcus_helophoroides_1_model_0.cif	00_inputs/AlphaFold/dastarcus_helophoroides_1/fold_dastarcus_helophoroides_1_full_data_0.json	1
Dastarcus_helophoroides_2	dastarcus_helophoroides_2	Dastarcus_helophoroides	00_inputs/toxin/Dastarcus_helophoroides/Dastarcus_helophoroides.fas.pasta.toxin_renomeado.fasta	00_inputs/AlphaFold/dastarcus_helophoroides_2	00_inputs/AlphaFold/dastarcus_helophoroides_2/fold_dastarcus_helophoroides_2_model_0.cif	00_inputs/AlphaFold/dastarcus_helophoroides_2/fold_dastarcus_helophoroides_2_full_data_0.json	1
GBCX00000000_1	gbcx00000000_1	Dastarcus_helophoroides	00_inputs/toxin/Dastarcus_helophoroides/GBCX00000000/GBCX00000000.toxin_renomeado.fasta				0
Diabrotica_virgifera_1	diabrotica_virgifera_1	Diabrotica_virgifera	00_inputs/toxin/Diabrotica_virgifera/Diabrotica_virgifera.fas.pasta.toxin_renomeado.fasta	00_inputs/AlphaFold/diabrotica_virgifera_1	00_inputs/AlphaFold/diabrotica_virgifera_1/fold_diabrotica_virgifera_1_model_0.cif	00_inputs/AlphaFold/diabrotica_virgifera_1/fold_diabrotica_virgifera_1_full_data_0.json	1
GHNJ00000000_1	ghnj00000000_1	Diabrotica_virgifera	00_inputs/toxin/Diabrotica_virgifera/GHNJ00000000/GHNJ00000000.toxin_renomeado.fasta				0
HBUA00000000_1	hbua00000000_1	Diabrotica_virgifera	00_inputs/toxin/Diabrotica_virgifera/HBUA00000000/HBUA00000000.toxin_renomeado.fasta				0
HBUA00000000_2	hbua00000000_2	Diabrotica_virgifera	00_inputs/toxin/Diabrotica_virgifera/HBUA00000000/HBUA00000000.toxin_renomeado.fasta				0
Dichotomius_satanas_1	dichotomius_satanas_1	Dichotomius_satanas	00_inputs/toxin/Dichotomius_satanas/Dichotomius_satanas.fas.pasta.toxin_renomeado.fasta	00_inputs/AlphaFold/dichotomius_satanas_1	00_inputs/AlphaFold/dichotomius_satanas_1/fold_dichotomius_satanas_1_model_0.cif	00_inputs/AlphaFold/dichotomius_satanas_1/fold_dichotomius_satanas_1_full_data_0.json	1
Dichotomius_satanas_2	dichotomius_satanas_2	Dichotomius_satanas	00_inputs/toxin/Dichotomius_satanas/Dichotomius_satanas.fas.pasta.toxin_renomeado.fasta	00_inputs/AlphaFold/dichotomius_satanas_2	00_inputs/AlphaFold/dichotomius_satanas_2/fold_dichotomius_satanas_2_model_0.cif	00_inputs/AlphaFold/dichotomius_satanas_2/fold_dichotomius_satanas_2_full_data_0.json	1
Dichotomius_satanas_3	dichotomius_satanas_3	Dichotomius_satanas	00_inputs/toxin/Dichotomius_satanas/Dichotomius_satanas.fas.pasta.toxin_renomeado.fasta	00_inputs/AlphaFold/dichotomius_satanas_3	00_inputs/AlphaFold/dichotomius_satanas_3/fold_dichotomius_satanas_3_model_0.cif	00_inputs/AlphaFold/dichotomius_satanas_3/fold_dichotomius_satanas_3_full_data_0.json	1
Dichotomius_satanas_4	dichotomius_satanas_4	Dichotomius_satanas	00_inputs/toxin/Dichotomius_satanas/Dichotomius_satanas.fas.pasta.toxin_renomeado.fasta	00_inputs/AlphaFold/dichotomius_satanas_4	00_inputs/AlphaFold/dichotomius_satanas_4/fold_dichotomius_satanas_4_model_0.cif	00_inputs/AlphaFold/dichotomius_satanas_4/fold_dichotomius_satanas_4_full_data_0.json	1
Dichotomius_satanas_5	dichotomius_satanas_5	Dichotomius_satanas	00_inputs/toxin/Dichotomius_satanas/Dichotomius_satanas.fas.pasta.toxin_renomeado.fasta	00_inputs/AlphaFold/dichotomius_satanas_5	00_inputs/AlphaFold/dichotomius_satanas_5/fold_dichotomius_satanas_5_model_0.cif	00_inputs/AlphaFold/dichotomius_satanas_5/fold_dichotomius_satanas_5_full_data_0.json	1
Dichotomius_satanas_6	dichotomius_satanas_6	Dichotomius_satanas	00_inputs/toxin/Dichotomius_satanas/Dichotomius_satanas.fas.pasta.toxin_renomeado.fasta	00_inputs/AlphaFold/dichotomius_satanas_6	00_inputs/AlphaFold/dichotomius_satanas_6/fold_dichotomius_satanas_6_model_0.cif	00_inputs/AlphaFold/dichotomius_satanas_6/fold_dichotomius_satanas_6_full_data_0.json	1
Dichotomius_satanas_7	dichotomius_satanas_7	Dichotomius_satanas	00_inputs/toxin/Dichotomius_satanas/Dichotomius_satanas.fas.pasta.toxin_renomeado.fasta	00_inputs/AlphaFold/dichotomius_satanas_7	00_inputs/AlphaFold/dichotomius_satanas_7/fold_dichotomius_satanas_7_model_0.cif	00_inputs/AlphaFold/dichotomius_satanas_7/fold_dichotomius_satanas_7_full_data_0.json	1
GHMA00000000_1	ghma00000000_1	Dichotomius_satanas	00_inputs/toxin/Dichotomius_satanas/GHMA00000000/GHMA00000000.toxin_renomeado.fasta				0
GHMA00000000_2	ghma00000000_2	Dichotomius_satanas	00_inputs/toxin/Dichotomius_satanas/GHMA00000000/GHMA00000000.toxin_renomeado.fasta				0
GHMA00000000_3	ghma00000000_3	Dichotomius_satanas	00_inputs/toxin/Dichotomius_satanas/GHMA00000000/GHMA00000000.toxin_renomeado.fasta				0
Diphucephala_sp_1	diphucephala_sp_1	Diphucephala_sp	00_inputs/toxin/Diphucephala_sp/Diphucephala_sp.fas.pasta.toxin_renomeado.fasta	00_inputs/AlphaFold/diphucephala_sp_1	00_inputs/AlphaFold/diphucephala_sp_1/fold_diphucephala_sp_1_model_0.cif	00_inputs/AlphaFold/diphucephala_sp_1/fold_diphucephala_sp_1_full_data_0.json	1
Diphucephala_sp_2	diphucephala_sp_2	Diphucephala_sp	00_inputs/toxin/Diphucephala_sp/Diphucephala_sp.fas.pasta.toxin_renomeado.fasta	00_inputs/AlphaFold/diphucephala_sp_2	00_inputs/AlphaFold/diphucephala_sp_2/fold_diphucephala_sp_2_model_0.cif	00_inputs/AlphaFold/diphucephala_sp_2/fold_diphucephala_sp_2_full_data_0.json	1
Diphucephala_sp_3	diphucephala_sp_3	Diphucephala_sp	00_inputs/toxin/Diphucephala_sp/Diphucephala_sp.fas.pasta.toxin_renomeado.fasta	00_inputs/AlphaFold/diphucephala_sp_3	00_inputs/AlphaFold/diphucephala_sp_3/fold_diphucephala_sp_3_model_0.cif	00_inputs/AlphaFold/diphucephala_sp_3/fold_diphucephala_sp_3_full_data_0.json	1
Diphucephala_sp_4	diphucephala_sp_4	Diphucephala_sp	00_inputs/toxin/Diphucephala_sp/Diphucephala_sp.fas.pasta.toxin_renomeado.fasta	00_inputs/AlphaFold/diphucephala_sp_4	00_inputs/AlphaFold/diphucephala_sp_4/fold_diphucephala_sp_4_model_0.cif	00_inputs/AlphaFold/diphucephala_sp_4/fold_diphucephala_sp_4_full_data_0.json	1
GKKE00000000_1	gkke00000000_1	Diphucephala_sp	00_inputs/toxin/Diphucephala_sp/GKKE00000000/GKKE00000000.toxin_renomeado.fasta				0
GKKE00000000_2	gkke00000000_2	Diphucephala_sp	00_inputs/toxin/Diphucephala_sp/GKKE00000000/GKKE00000000.toxin_renomeado.fasta				0
Dorcus_parallelipipedus_1	dorcus_parallelipipedus_1	Dorcus_parallelipipedus	00_inputs/toxin/Dorcus_parallelipipedus/GKIP00000000.toxin_renomeado.fasta	00_inputs/AlphaFold/dorcus_parallelipipedus_1	00_inputs/AlphaFold/dorcus_parallelipipedus_1/fold_dorcus_parallelipipedus_1_model_0.cif	00_inputs/AlphaFold/dorcus_parallelipipedus_1/fold_dorcus_parallelipipedus_1_full_data_0.json	1
Elaphrus_aureus_1	elaphrus_aureus_1	Elaphrus_aureus	00_inputs/toxin/Elaphrus_aureus/Elaphrus_aureus.fas.pasta.toxin_renomeado.fasta	00_inputs/AlphaFold/elaphrus_aureus_1	00_inputs/AlphaFold/elaphrus_aureus_1/fold_elaphrus_aureus_1_model_0.cif	00_inputs/AlphaFold/elaphrus_aureus_1/fold_elaphrus_aureus_1_full_data_0.json	1
Elaphrus_aureus_2	elaphrus_aureus_2	Elaphrus_aureus	00_inputs/toxin/Elaphrus_aureus/Elaphrus_aureus.fas.pasta.toxin_renomeado.fasta	00_inputs/AlphaFold/elaphrus_aureus_2	00_inputs/AlphaFold/elaphrus_aureus_2/fold_elaphrus_aureus_2_model_0.cif	00_inputs/AlphaFold/elaphrus_aureus_2/fold_elaphrus_aureus_2_full_data_0.json	1
GDPI00000000_1	gdpi00000000_1	Elaphrus_aureus	00_inputs/toxin/Elaphrus_aureus/GDPI00000000/GDPI00000000.toxin_renomeado.fasta				0
Elateroides_flabellicornis_1	elateroides_flabellicornis_1	Elateroides_flabellicornis	00_inputs/toxin/Elateroides_flabellicornis/Elateroides_flabellicornis.fas.pasta.toxin_renomeado.fasta	00_inputs/AlphaFold/elateroides_flabellicornis_1	00_inputs/AlphaFold/elateroides_flabellicornis_1/fold_elateroides_flabellicornis_1_model_0.cif	00_inputs/AlphaFold/elateroides_flabellicornis_1/fold_elateroides_flabellicornis_1_full_data_0.json	1
Elateroides_flabellicornis_2	elateroides_flabellicornis_2	Elateroides_flabellicornis	00_inputs/toxin/Elateroides_flabellicornis/Elateroides_flabellicornis.fas.pasta.toxin_renomeado.fasta	00_inputs/AlphaFold/elateroides_flabellicornis_2	00_inputs/AlphaFold/elateroides_flabellicornis_2/fold_elateroides_flabellicornis_2_model_0.cif	00_inputs/AlphaFold/elateroides_flabellicornis_2/fold_elateroides_flabellicornis_2_full_data_0.json	1
Elateroides_flabellicornis_3	elateroides_flabellicornis_3	Elateroides_flabellicornis	00_inputs/toxin/Elateroides_flabellicornis/Elateroides_flabellicornis.fas.pasta.toxin_renomeado.fasta	00_inputs/AlphaFold/elateroides_flabellicornis_3	00_inputs/AlphaFold/elateroides_flabellicornis_3/fold_elateroides_flabellicornis_3_model_0.cif	00_inputs/AlphaFold/elateroides_flabellicornis_3/fold_elateroides_flabellicornis_3_full_data_0.json	1
Elateroides_flabellicornis_4	elateroides_flabellicornis_4	Elateroides_flabellicornis	00_inputs/toxin/Elateroides_flabellicornis/Elateroides_flabellicornis.fas.pasta.toxin_renomeado.fasta	00_inputs/AlphaFold/elateroides_flabellicornis_4	00_inputs/AlphaFold/elateroides_flabellicornis_4/fold_elateroides_flabellicornis_4_model_0.cif	00_inputs/AlphaFold/elateroides_flabellicornis_4/fold_elateroides_flabellicornis_4_full_data_0.json	1
Eophileurus_sp_1	eophileurus_sp_1	Eophileurus_sp	00_inputs/toxin/Eophileurus_sp/GKKC00000000.toxin_renomeado.fasta	00_inputs/AlphaFold/eophileurus_sp_1	00_inputs/AlphaFold/eophileurus_sp_1/fold_eophileurus_sp_1_model_0.cif	00_inputs/AlphaFold/eophileurus_sp_1/fold_eophileurus_sp_1_full_data_0.json	1
Eophileurus_sp_2	eophileurus_sp_2	Eophileurus_sp	00_inputs/toxin/Eophileurus_sp/GKKC00000000.toxin_renomeado.fasta	00_inputs/AlphaFold/eophileurus_sp_2	00_inputs/AlphaFold/eophileurus_sp_2/fold_eophileurus_sp_2_model_0.cif	00_inputs/AlphaFold/eophileurus_sp_2/fold_eophileurus_sp_2_full_data_0.json	1
Euoniticellus_fulvus_1	euoniticellus_fulvus_1	Euoniticellus_fulvus	00_inputs/toxin/Euoniticellus_fulvus/GKIT00000000.toxin_renomeado.fasta	00_inputs/AlphaFold/euoniticellus_fulvus_1	00_inputs/AlphaFold/euoniticellus_fulvus_1/fold_euoniticellus_fulvus_1_model_0.cif	00_inputs/AlphaFold/euoniticellus_fulvus_1/fold_euoniticellus_fulvus_1_full_data_0.json	1
Euwallacea_fornicatus_1	euwallacea_fornicatus_1	Euwallacea_fornicatus	00_inputs/toxin/Euwallacea_fornicatus/Euwallacea_fornicatus.fas.pasta.toxin_renomeado.fasta	00_inputs/AlphaFold/euwallacea_fornicatus_1	00_inputs/AlphaFold/euwallacea_fornicatus_1/fold_euwallacea_fornicatus_1_model_0.cif	00_inputs/AlphaFold/euwallacea_fornicatus_1/fold_euwallacea_fornicatus_1_full_data_0.json	1
Euwallacea_fornicatus_2	euwallacea_fornicatus_2	Euwallacea_fornicatus	00_inputs/toxin/Euwallacea_fornicatus/Euwallacea_fornicatus.fas.pasta.toxin_renomeado.fasta	00_inputs/AlphaFold/euwallacea_fornicatus_2	00_inputs/AlphaFold/euwallacea_fornicatus_2/fold_euwallacea_fornicatus_2_model_0.cif	00_inputs/AlphaFold/euwallacea_fornicatus_2/fold_euwallacea_fornicatus_2_full_data_0.json	1
Geotrupes_spiniger_1	geotrupes_spiniger_1	Geotrupes_spiniger	00_inputs/toxin/Geotrupes_spiniger/GKIY00000000.toxin_renomeado.fasta	00_inputs/AlphaFold/geotrupes_spiniger_1	00_inputs/AlphaFold/geotrupes_spiniger_1/fold_geotrupes_spiniger_1_model_0.cif	00_inputs/AlphaFold/geotrupes_spiniger_1/fold_geotrupes_spiniger_1_full_data_0.json	1
Geotrupes_spiniger_2	geotrupes_spiniger_2	Geotrupes_spiniger	00_inputs/toxin/Geotrupes_spiniger/GKIY00000000.toxin_renomeado.fasta	00_inputs/AlphaFold/geotrupes_spiniger_2	00_inputs/AlphaFold/geotrupes_spiniger_2/fold_geotrupes_spiniger_2_model_0.cif	00_inputs/AlphaFold/geotrupes_spiniger_2/fold_geotrupes_spiniger_2_full_data_0.json	1
GKJO00000000_1	gkjo00000000_1	Helophorus_nanus	00_inputs/toxin/Helophorus_nanus/GKJO00000000/GKJO00000000.toxin_renomeado.fasta				0
Helophorus_nanus_1	helophorus_nanus_1	Helophorus_nanus	00_inputs/toxin/Helophorus_nanus/Helophorus_nanus.fas.pasta.toxin_renomeado.fasta	00_inputs/AlphaFold/helophorus_nanus_1	00_inputs/AlphaFold/helophorus_nanus_1/fold_helophorus_nanus_1_model_0.cif	00_inputs/AlphaFold/helophorus_nanus_1/fold_helophorus_nanus_1_full_data_0.json	1
Heteronyx_sp_1	heteronyx_sp_1	Heteronyx_sp	00_inputs/toxin/Heteronyx_sp/GKKG00000000.toxin_renomeado.fasta	00_inputs/AlphaFold/heteronyx_sp_1	00_inputs/AlphaFold/heteronyx_sp_1/fold_heteronyx_sp_1_model_0.cif	00_inputs/AlphaFold/heteronyx_sp_1/fold_heteronyx_sp_1_full_data_0.json	1
Heteronyx_sp_2	heteronyx_sp_2	Heteronyx_sp	00_inputs/toxin/Heteronyx_sp/GKKG00000000.toxin_renomeado.fasta	00_inputs/AlphaFold/heteronyx_sp_2	00_inputs/AlphaFold/heteronyx_sp_2/fold_heteronyx_sp_2_model_0.cif	00_inputs/AlphaFold/heteronyx_sp_2/fold_heteronyx_sp_2_full_data_0.json	1
Heteronyx_sp_3	heteronyx_sp_3	Heteronyx_sp	00_inputs/toxin/Heteronyx_sp/GKKG00000000.toxin_renomeado.fasta	00_inputs/AlphaFold/heteronyx_sp_3	00_inputs/AlphaFold/heteronyx_sp_3/fold_heteronyx_sp_3_model_0.cif	00_inputs/AlphaFold/heteronyx_sp_3/fold_heteronyx_sp_3_full_data_0.json	1
GJNK00000000_1	gjnk00000000_1	Hippodamia_convergens	00_inputs/toxin/Hippodamia_convergens/GJNK00000000/GJNK00000000.toxin_renomeado.fasta				0
GJNK00000000_2	gjnk00000000_2	Hippodamia_convergens	00_inputs/toxin/Hippodamia_convergens/GJNK00000000/GJNK00000000.toxin_renomeado.fasta				0
GJNK00000000_3	gjnk00000000_3	Hippodamia_convergens	00_inputs/toxin/Hippodamia_convergens/GJNK00000000/GJNK00000000.toxin_renomeado.fasta				0
Hippodamia_convergens_1	hippodamia_convergens_1	Hippodamia_convergens	00_inputs/toxin/Hippodamia_convergens/Hippodamia_convergens.fas.pasta.toxin_renomeado.fasta	00_inputs/AlphaFold/hippodamia_convergens_1	00_inputs/AlphaFold/hippodamia_convergens_1/fold_hippodamia_convergens_1_model_0.cif	00_inputs/AlphaFold/hippodamia_convergens_1/fold_hippodamia_convergens_1_full_data_0.json	1
Hoplia_philanthus_1	hoplia_philanthus_1	Hoplia_philanthus	00_inputs/toxin/Hoplia_philanthus/GKJE00000000.toxin_renomeado.fasta	00_inputs/AlphaFold/hoplia_philanthus_1	00_inputs/AlphaFold/hoplia_philanthus_1/fold_hoplia_philanthus_1_model_0.cif	00_inputs/AlphaFold/hoplia_philanthus_1/fold_hoplia_philanthus_1_full_data_0.json	1
Hoplia_philanthus_2	hoplia_philanthus_2	Hoplia_philanthus	00_inputs/toxin/Hoplia_philanthus/GKJE00000000.toxin_renomeado.fasta	00_inputs/AlphaFold/hoplia_philanthus_2	00_inputs/AlphaFold/hoplia_philanthus_2/fold_hoplia_philanthus_2_model_0.cif	00_inputs/AlphaFold/hoplia_philanthus_2/fold_hoplia_philanthus_2_full_data_0.json	1
GDPR00000000_1	gdpr00000000_1	Hydrochara_caraboides	00_inputs/toxin/Hydrochara_caraboides/GDPR00000000/GDPR00000000.toxin_renomeado.fasta				0
Hydrochara_caraboides_1	hydrochara_caraboides_1	Hydrochara_caraboides	00_inputs/toxin/Hydrochara_caraboides/Hydrochara_caraboides.fas.pasta.toxin_renomeado.fasta	00_inputs/AlphaFold/hydrochara_caraboides_1	00_inputs/AlphaFold/hydrochara_caraboides_1/fold_hydrochara_caraboides_1_model_0.cif	00_inputs/AlphaFold/hydrochara_caraboides_1/fold_hydrochara_caraboides_1_full_data_0.json	1
Hydrochus_megaphallus_1	hydrochus_megaphallus_1	Hydrochus_megaphallus	00_inputs/toxin/Hydrochus_megaphallus/Hydrochus_megaphallus.fas.pasta.toxin_renomeado.fasta	00_inputs/AlphaFold/hydrochus_megaphallus_1	00_inputs/AlphaFold/hydrochus_megaphallus_1/fold_hydrochus_megaphallus_1_model_0.cif	00_inputs/AlphaFold/hydrochus_megaphallus_1/fold_hydrochus_megaphallus_1_full_data_0.json	1
GDMJ00000000_1	gdmj00000000_1	Hydroscapha_redfordi	00_inputs/toxin/Hydroscapha_redfordi/GDMJ00000000/GDMJ00000000.toxin_renomeado.fasta				0
Hydroscapha_redfordi_1	hydroscapha_redfordi_1	Hydroscapha_redfordi	00_inputs/toxin/Hydroscapha_redfordi/Hydroscapha_redfordi.fas.pasta.toxin_renomeado.fasta	00_inputs/AlphaFold/hydroscapha_redfordi_1	00_inputs/AlphaFold/hydroscapha_redfordi_1/fold_hydroscapha_redfordi_1_model_0.cif	00_inputs/AlphaFold/hydroscapha_redfordi_1/fold_hydroscapha_redfordi_1_full_data_0.json	1
Hydroscapha_redfordi_2	hydroscapha_redfordi_2	Hydroscapha_redfordi	00_inputs/toxin/Hydroscapha_redfordi/Hydroscapha_redfordi.fas.pasta.toxin_renomeado.fasta	00_inputs/AlphaFold/hydroscapha_redfordi_2	00_inputs/AlphaFold/hydroscapha_redfordi_2/fold_hydroscapha_redfordi_2_model_0.cif	00_inputs/AlphaFold/hydroscapha_redfordi_2/fold_hydroscapha_redfordi_2_full_data_0.json	1
Hydroscapha_redfordi_3	hydroscapha_redfordi_3	Hydroscapha_redfordi	00_inputs/toxin/Hydroscapha_redfordi/Hydroscapha_redfordi.fas.pasta.toxin_renomeado.fasta	00_inputs/AlphaFold/hydroscapha_redfordi_3	00_inputs/AlphaFold/hydroscapha_redfordi_3/fold_hydroscapha_redfordi_3_model_0.cif	00_inputs/AlphaFold/hydroscapha_redfordi_3/fold_hydroscapha_redfordi_3_full_data_0.json	1
GFUK00000000_1	gfuk00000000_1	Hygrobia_hermanni	00_inputs/toxin/Hygrobia_hermanni/GFUK00000000/GFUK00000000.toxin_renomeado.fasta				0
Hygrobia_hermanni_1	hygrobia_hermanni_1	Hygrobia_hermanni	00_inputs/toxin/Hygrobia_hermanni/Hygrobia_hermanni.fas.pasta.toxin_renomeado.fasta	00_inputs/AlphaFold/hygrobia_hermanni_1	00_inputs/AlphaFold/hygrobia_hermanni_1/fold_hygrobia_hermanni_1_model_0.cif	00_inputs/AlphaFold/hygrobia_hermanni_1/fold_hygrobia_hermanni_1_full_data_0.json	1
GFUN00000000_1	gfun00000000_1	Hygrobia_nigra	00_inputs/toxin/Hygrobia_nigra/GFUN00000000/GFUN00000000.toxin_renomeado.fasta				0
Hygrobia_nigra_1	hygrobia_nigra_1	Hygrobia_nigra	00_inputs/toxin/Hygrobia_nigra/Hygrobia_nigra.fas.pasta.toxin_renomeado.fasta	00_inputs/AlphaFold/hygrobia_nigra_1	00_inputs/AlphaFold/hygrobia_nigra_1/fold_hygrobia_nigra_1_model_0.cif	00_inputs/AlphaFold/hygrobia_nigra_1/fold_hygrobia_nigra_1_full_data_0.json	1
Inopeplus_dimidiatus_1	inopeplus_dimidiatus_1	Inopeplus_dimidiatus	00_inputs/toxin/Inopeplus_dimidiatus/Inopeplus_dimidiatus.fas.pasta.toxin_renomeado.fasta	00_inputs/AlphaFold/inopeplus_dimidiatus_1	00_inputs/AlphaFold/inopeplus_dimidiatus_1/fold_inopeplus_dimidiatus_1_model_0.cif	00_inputs/AlphaFold/inopeplus_dimidiatus_1/fold_inopeplus_dimidiatus_1_full_data_0.json	1
Inopeplus_dimidiatus_2	inopeplus_dimidiatus_2	Inopeplus_dimidiatus	00_inputs/toxin/Inopeplus_dimidiatus/Inopeplus_dimidiatus.fas.pasta.toxin_renomeado.fasta	00_inputs/AlphaFold/inopeplus_dimidiatus_2	00_inputs/AlphaFold/inopeplus_dimidiatus_2/fold_inopeplus_dimidiatus_2_model_0.cif	00_inputs/AlphaFold/inopeplus_dimidiatus_2/fold_inopeplus_dimidiatus_2_full_data_0.json	1
GDOZ00000000_1	gdoz00000000_1	Lamprohiza_splendidula	00_inputs/toxin/Lamprohiza_splendidula/GDOZ00000000/GDOZ00000000.toxin_renomeado.fasta				0
Lamprohiza_splendidula_1	lamprohiza_splendidula_1	Lamprohiza_splendidula	00_inputs/toxin/Lamprohiza_splendidula/Lamprohiza_splendidula.fas.pasta.toxin_renomeado.fasta	00_inputs/AlphaFold/lamprohiza_splendidula_1	00_inputs/AlphaFold/lamprohiza_splendidula_1/fold_lamprohiza_splendidula_1_model_0.cif	00_inputs/AlphaFold/lamprohiza_splendidula_1/fold_lamprohiza_splendidula_1_full_data_0.json	1
Lepiserica_sp_1	lepiserica_sp_1	Lepiserica_sp	00_inputs/toxin/Lepiserica_sp/GKKQ00000000.toxin_renomeado.fasta	00_inputs/AlphaFold/lepiserica_sp_1	00_inputs/AlphaFold/lepiserica_sp_1/fold_lepiserica_sp_1_model_0.cif	00_inputs/AlphaFold/lepiserica_sp_1/fold_lepiserica_sp_1_full_data_0.json	1
Lepiserica_sp_2	lepiserica_sp_2	Lepiserica_sp	00_inputs/toxin/Lepiserica_sp/GKKQ00000000.toxin_renomeado.fasta	00_inputs/AlphaFold/lepiserica_sp_2	00_inputs/AlphaFold/lepiserica_sp_2/fold_lepiserica_sp_2_model_0.cif	00_inputs/AlphaFold/lepiserica_sp_2/fold_lepiserica_sp_2_full_data_0.json	1
Lepiserica_sp_3	lepiserica_sp_3	Lepiserica_sp	00_inputs/toxin/Lepiserica_sp/GKKQ00000000.toxin_renomeado.fasta	00_inputs/AlphaFold/lepiserica_sp_3	00_inputs/AlphaFold/lepiserica_sp_3/fold_lepiserica_sp_3_model_0.cif	00_inputs/AlphaFold/lepiserica_sp_3/fold_lepiserica_sp_3_full_data_0.json	1
Lepiserica_sp_4	lepiserica_sp_4	Lepiserica_sp	00_inputs/toxin/Lepiserica_sp/GKKQ00000000.toxin_renomeado.fasta	00_inputs/AlphaFold/lepiserica_sp_4	00_inputs/AlphaFold/lepiserica_sp_4/fold_lepiserica_sp_4_model_0.cif	00_inputs/AlphaFold/lepiserica_sp_4/fold_lepiserica_sp_4_full_data_0.json	1
Lepiserica_sp_5	lepiserica_sp_5	Lepiserica_sp	00_inputs/toxin/Lepiserica_sp/GKKQ00000000.toxin_renomeado.fasta	00_inputs/AlphaFold/lepiserica_sp_5	00_inputs/AlphaFold/lepiserica_sp_5/fold_lepiserica_sp_5_model_0.cif	00_inputs/AlphaFold/lepiserica_sp_5/fold_lepiserica_sp_5_full_data_0.json	1
GGNV00000000_1	ggnv00000000_1	Leptinotarsa_decemlineata	00_inputs/toxin/Leptinotarsa_decemlineata/GGNV00000000/GGNV00000000.toxin_renomeado.fasta				0
GGNV00000000_2	ggnv00000000_2	Leptinotarsa_decemlineata	00_inputs/toxin/Leptinotarsa_decemlineata/GGNV00000000/GGNV00000000.toxin_renomeado.fasta				0
GGNV00000000_3	ggnv00000000_3	Leptinotarsa_decemlineata	00_inputs/toxin/Leptinotarsa_decemlineata/GGNV00000000/GGNV00000000.toxin_renomeado.fasta				0
GGNV00000000_4	ggnv00000000_4	Leptinotarsa_decemlineata	00_inputs/toxin/Leptinotarsa_decemlineata/GGNV00000000/GGNV00000000.toxin_renomeado.fasta				0
GGNV00000000_5	ggnv00000000_5	Leptinotarsa_decemlineata	00_inputs/toxin/Leptinotarsa_decemlineata/GGNV00000000/GGNV00000000.toxin_renomeado.fasta				0
GGNV00000000_6	ggnv00000000_6	Leptinotarsa_decemlineata	00_inputs/toxin/Leptinotarsa_decemlineata/GGNV00000000/GGNV00000000.toxin_renomeado.fasta				0
GGNV00000000_7	ggnv00000000_7	Leptinotarsa_decemlineata	00_inputs/toxin/Leptinotarsa_decemlineata/GGNV00000000/GGNV00000000.toxin_renomeado.fasta				0
GGNV00000000_8	ggnv00000000_8	Leptinotarsa_decemlineata	00_inputs/toxin/Leptinotarsa_decemlineata/GGNV00000000/GGNV00000000.toxin_renomeado.fasta				0
GGNV00000000_9	ggnv00000000_9	Leptinotarsa_decemlineata	00_inputs/toxin/Leptinotarsa_decemlineata/GGNV00000000/GGNV00000000.toxin_renomeado.fasta				0
GLCS00000000_1	glcs00000000_1	Leptinotarsa_decemlineata	00_inputs/toxin/Leptinotarsa_decemlineata/GLCS00000000/GLCS00000000.toxin_renomeado.fasta				0
Leptinotarsa_decemlineata_1	leptinotarsa_decemlineata_1	Leptinotarsa_decemlineata	00_inputs/toxin/Leptinotarsa_decemlineata/Leptinotarsa_decemlineata.fas.pasta.toxin_renomeado.fasta	00_inputs/AlphaFold/leptinotarsa_decemlineata_1	00_inputs/AlphaFold/leptinotarsa_decemlineata_1/fold_leptinotarsa_decemlineata_1_model_0.cif	00_inputs/AlphaFold/leptinotarsa_decemlineata_1/fold_leptinotarsa_decemlineata_1_full_data_0.json	1
Leptinotarsa_decemlineata_2	leptinotarsa_decemlineata_2	Leptinotarsa_decemlineata	00_inputs/toxin/Leptinotarsa_decemlineata/Leptinotarsa_decemlineata.fas.pasta.toxin_renomeado.fasta	00_inputs/AlphaFold/leptinotarsa_decemlineata_2	00_inputs/AlphaFold/leptinotarsa_decemlineata_2/fold_leptinotarsa_decemlineata_2_model_0.cif	00_inputs/AlphaFold/leptinotarsa_decemlineata_2/fold_leptinotarsa_decemlineata_2_full_data_0.json	1
Leptinotarsa_decemlineata_3	leptinotarsa_decemlineata_3	Leptinotarsa_decemlineata	00_inputs/toxin/Leptinotarsa_decemlineata/Leptinotarsa_decemlineata.fas.pasta.toxin_renomeado.fasta	00_inputs/AlphaFold/leptinotarsa_decemlineata_3	00_inputs/AlphaFold/leptinotarsa_decemlineata_3/fold_leptinotarsa_decemlineata_3_model_0.cif	00_inputs/AlphaFold/leptinotarsa_decemlineata_3/fold_leptinotarsa_decemlineata_3_full_data_0.json	1
Lilioceris_merdigera_1	lilioceris_merdigera_1	Lilioceris_merdigera	00_inputs/toxin/Lilioceris_merdigera/Lilioceris_merdigera.fas.pasta.toxin_renomeado.fasta	00_inputs/AlphaFold/lilioceris_merdigera_1	00_inputs/AlphaFold/lilioceris_merdigera_1/fold_lilioceris_merdigera_1_model_0.cif	00_inputs/AlphaFold/lilioceris_merdigera_1/fold_lilioceris_merdigera_1_full_data_0.json	1
GFUI00000000_1	gfui00000000_1	Liopterus_haemorrhoidalis	00_inputs/toxin/Liopterus_haemorrhoidalis/GFUI00000000/GFUI00000000.toxin_renomeado.fasta				0
Liopterus_haemorrhoidalis_1	liopterus_haemorrhoidalis_1	Liopterus_haemorrhoidalis	00_inputs/toxin/Liopterus_haemorrhoidalis/Liopterus_haemorrhoidalis.fas.pasta.toxin_renomeado.fasta	00_inputs/AlphaFold/liopterus_haemorrhoidalis_1	00_inputs/AlphaFold/liopterus_haemorrhoidalis_1/fold_liopterus_haemorrhoidalis_1_model_0.cif	00_inputs/AlphaFold/liopterus_haemorrhoidalis_1/fold_liopterus_haemorrhoidalis_1_full_data_0.json	1
Liopterus_haemorrhoidalis_2	liopterus_haemorrhoidalis_2	Liopterus_haemorrhoidalis	00_inputs/toxin/Liopterus_haemorrhoidalis/Liopterus_haemorrhoidalis.fas.pasta.toxin_renomeado.fasta	00_inputs/AlphaFold/liopterus_haemorrhoidalis_2	00_inputs/AlphaFold/liopterus_haemorrhoidalis_2/fold_liopterus_haemorrhoidalis_2_model_0.cif	00_inputs/AlphaFold/liopterus_haemorrhoidalis_2/fold_liopterus_haemorrhoidalis_2_full_data_0.json	1
Liparetrus_sp_1	liparetrus_sp_1	Liparetrus_sp	00_inputs/toxin/Liparetrus_sp/GKKD00000000.toxin_renomeado.fasta	00_inputs/AlphaFold/liparetrus_sp_1	00_inputs/AlphaFold/liparetrus_sp_1/fold_liparetrus_sp_1_model_0.cif	00_inputs/AlphaFold/liparetrus_sp_1/fold_liparetrus_sp_1_full_data_0.json	1
GDPU00000000_1	gdpu00000000_1	Macrosiagon_limbatum	00_inputs/toxin/Macrosiagon_limbatum/GDPU00000000/GDPU00000000.toxin_renomeado.fasta				0
GDPU00000000_2	gdpu00000000_2	Macrosiagon_limbatum	00_inputs/toxin/Macrosiagon_limbatum/GDPU00000000/GDPU00000000.toxin_renomeado.fasta				0
Macrosiagon_limbatum_1	macrosiagon_limbatum_1	Macrosiagon_limbatum	00_inputs/toxin/Macrosiagon_limbatum/Macrosiagon_limbatum.fas.pasta.toxin_renomeado.fasta	00_inputs/AlphaFold/macrosiagon_limbatum_1	00_inputs/AlphaFold/macrosiagon_limbatum_1/fold_macrosiagon_limbatum_1_model_0.cif	00_inputs/AlphaFold/macrosiagon_limbatum_1/fold_macrosiagon_limbatum_1_full_data_0.json	1
Macrosiagon_limbatum_2	macrosiagon_limbatum_2	Macrosiagon_limbatum	00_inputs/toxin/Macrosiagon_limbatum/Macrosiagon_limbatum.fas.pasta.toxin_renomeado.fasta	00_inputs/AlphaFold/macrosiagon_limbatum_2	00_inputs/AlphaFold/macrosiagon_limbatum_2/fold_macrosiagon_limbatum_2_model_0.cif	00_inputs/AlphaFold/macrosiagon_limbatum_2/fold_macrosiagon_limbatum_2_full_data_0.json	1
Maechidius_sp_1	maechidius_sp_1	Maechidius_sp	00_inputs/toxin/Maechidius_sp/GKKI00000000.toxin_renomeado.fasta	00_inputs/AlphaFold/maechidius_sp_1	00_inputs/AlphaFold/maechidius_sp_1/fold_maechidius_sp_1_model_0.cif	00_inputs/AlphaFold/maechidius_sp_1/fold_maechidius_sp_1_full_data_0.json	1
Maechidius_sp_2	maechidius_sp_2	Maechidius_sp	00_inputs/toxin/Maechidius_sp/GKKI00000000.toxin_renomeado.fasta	00_inputs/AlphaFold/maechidius_sp_2	00_inputs/AlphaFold/maechidius_sp_2/fold_maechidius_sp_2_model_0.cif	00_inputs/AlphaFold/maechidius_sp_2/fold_maechidius_sp_2_full_data_0.json	1
Megasternum_obscurum_1	megasternum_obscurum_1	Megasternum_obscurum	00_inputs/toxin/Megasternum_obscurum/Megasternum_obscurum.fas.pasta.toxin_renomeado.fasta	00_inputs/AlphaFold/megasternum_obscurum_1	00_inputs/AlphaFold/megasternum_obscurum_1/fold_megasternum_obscurum_1_model_0.cif	00_inputs/AlphaFold/megasternum_obscurum_1/fold_megasternum_obscurum_1_full_data_0.json	1
GDOV00000000_1	gdov00000000_1	Melanotus_villosus	00_inputs/toxin/Melanotus_villosus/GDOV00000000/GDOV00000000.toxin_renomeado.fasta				0
GDOV00000000_2	gdov00000000_2	Melanotus_villosus	00_inputs/toxin/Melanotus_villosus/GDOV00000000/GDOV00000000.toxin_renomeado.fasta				0
Melanotus_villosus_1	melanotus_villosus_1	Melanotus_villosus	00_inputs/toxin/Melanotus_villosus/Melanotus_villosus.fas.pasta.toxin_renomeado.fasta	00_inputs/AlphaFold/melanotus_villosus_1	00_inputs/AlphaFold/melanotus_villosus_1/fold_melanotus_villosus_1_model_0.cif	00_inputs/AlphaFold/melanotus_villosus_1/fold_melanotus_villosus_1_full_data_0.json	1
Microcara_testacea_1	microcara_testacea_1	Microcara_testacea	00_inputs/toxin/Microcara_testacea/Microcara_testacea.fas.pasta.toxin_renomeado.fasta	00_inputs/AlphaFold/microcara_testacea_1	00_inputs/AlphaFold/microcara_testacea_1/fold_microcara_testacea_1_model_0.cif	00_inputs/AlphaFold/microcara_testacea_1/fold_microcara_testacea_1_full_data_0.json	1
Microcara_testacea_2	microcara_testacea_2	Microcara_testacea	00_inputs/toxin/Microcara_testacea/Microcara_testacea.fas.pasta.toxin_renomeado.fasta	00_inputs/AlphaFold/microcara_testacea_2	00_inputs/AlphaFold/microcara_testacea_2/fold_microcara_testacea_2_model_0.cif	00_inputs/AlphaFold/microcara_testacea_2/fold_microcara_testacea_2_full_data_0.json	1
Micromalthus_debilis_1	micromalthus_debilis_1	Micromalthus_debilis	00_inputs/toxin/Micromalthus_debilis/Micromalthus_debilis.fas.pasta.toxin_renomeado.fasta	00_inputs/AlphaFold/micromalthus_debilis_1	00_inputs/AlphaFold/micromalthus_debilis_1/fold_micromalthus_debilis_1_model_0.cif	00_inputs/AlphaFold/micromalthus_debilis_1/fold_micromalthus_debilis_1_full_data_0.json	1
Migdolus_fryanus_1	migdolus_fryanus_1	Migdolus_fryanus	00_inputs/toxin/Migdolus_fryanus/Migdolus_fryanus.fas.pasta.toxin_renomeado.fasta	00_inputs/AlphaFold/migdolus_fryanus_1	00_inputs/AlphaFold/migdolus_fryanus_1/fold_migdolus_fryanus_1_model_0.cif	00_inputs/AlphaFold/migdolus_fryanus_1/fold_migdolus_fryanus_1_full_data_0.json	1
Migdolus_fryanus_2	migdolus_fryanus_2	Migdolus_fryanus	00_inputs/toxin/Migdolus_fryanus/Migdolus_fryanus.fas.pasta.toxin_renomeado.fasta	00_inputs/AlphaFold/migdolus_fryanus_2	00_inputs/AlphaFold/migdolus_fryanus_2/fold_migdolus_fryanus_2_model_0.cif	00_inputs/AlphaFold/migdolus_fryanus_2/fold_migdolus_fryanus_2_full_data_0.json	1
Migdolus_fryanus_3	migdolus_fryanus_3	Migdolus_fryanus	00_inputs/toxin/Migdolus_fryanus/Migdolus_fryanus.fas.pasta.toxin_renomeado.fasta	00_inputs/AlphaFold/migdolus_fryanus_3	00_inputs/AlphaFold/migdolus_fryanus_3/fold_migdolus_fryanus_3_model_0.cif	00_inputs/AlphaFold/migdolus_fryanus_3/fold_migdolus_fryanus_3_full_data_0.json	1
Migdolus_fryanus_4	migdolus_fryanus_4	Migdolus_fryanus	00_inputs/toxin/Migdolus_fryanus/Migdolus_fryanus.fas.pasta.toxin_renomeado.fasta	00_inputs/AlphaFold/migdolus_fryanus_4	00_inputs/AlphaFold/migdolus_fryanus_4/fold_migdolus_fryanus_4_model_0.cif	00_inputs/AlphaFold/migdolus_fryanus_4/fold_migdolus_fryanus_4_full_data_0.json	1
Migdolus_fryanus_5	migdolus_fryanus_5	Migdolus_fryanus	00_inputs/toxin/Migdolus_fryanus/Migdolus_fryanus.fas.pasta.toxin_renomeado.fasta	00_inputs/AlphaFold/migdolus_fryanus_5	00_inputs/AlphaFold/migdolus_fryanus_5/fold_migdolus_fryanus_5_model_0.cif	00_inputs/AlphaFold/migdolus_fryanus_5/fold_migdolus_fryanus_5_full_data_0.json	1
SRR1562204_1	srr1562204_1	Migdolus_fryanus	00_inputs/toxin/Migdolus_fryanus/SRR1562204/SRR1562204.toxin_renomeado.fasta				0
SRR1562204_2	srr1562204_2	Migdolus_fryanus	00_inputs/toxin/Migdolus_fryanus/SRR1562204/SRR1562204.toxin_renomeado.fasta				0
SRR1562204_3	srr1562204_3	Migdolus_fryanus	00_inputs/toxin/Migdolus_fryanus/SRR1562204/SRR1562204.toxin_renomeado.fasta				0
SRR1562204_4	srr1562204_4	Migdolus_fryanus	00_inputs/toxin/Migdolus_fryanus/SRR1562204/SRR1562204.toxin_renomeado.fasta				0
SRR1562204_5	srr1562204_5	Migdolus_fryanus	00_inputs/toxin/Migdolus_fryanus/SRR1562204/SRR1562204.toxin_renomeado.fasta				0
SRR1562204_6	srr1562204_6	Migdolus_fryanus	00_inputs/toxin/Migdolus_fryanus/SRR1562204/SRR1562204.toxin_renomeado.fasta				0
SRR1562205_1	srr1562205_1	Migdolus_fryanus	00_inputs/toxin/Migdolus_fryanus/SRR1562205/SRR1562205.toxin_renomeado.fasta				0
SRR1562205_2	srr1562205_2	Migdolus_fryanus	00_inputs/toxin/Migdolus_fryanus/SRR1562205/SRR1562205.toxin_renomeado.fasta				0
SRR1562205_3	srr1562205_3	Migdolus_fryanus	00_inputs/toxin/Migdolus_fryanus/SRR1562205/SRR1562205.toxin_renomeado.fasta				0
SRR1562205_4	srr1562205_4	Migdolus_fryanus	00_inputs/toxin/Migdolus_fryanus/SRR1562205/SRR1562205.toxin_renomeado.fasta				0
SRR1562206_1	srr1562206_1	Migdolus_fryanus	00_inputs/toxin/Migdolus_fryanus/SRR1562206/SRR1562206.toxin_renomeado.fasta				0
SRR1562207_1	srr1562207_1	Migdolus_fryanus	00_inputs/toxin/Migdolus_fryanus/SRR1562207/SRR1562207.toxin_renomeado.fasta				0
SRR1562207_2	srr1562207_2	Migdolus_fryanus	00_inputs/toxin/Migdolus_fryanus/SRR1562207/SRR1562207.toxin_renomeado.fasta				0
Neoserica_sp_1	neoserica_sp_1	Neoserica_sp	00_inputs/toxin/Neoserica_sp/GKKO00000000.toxin_renomeado.fasta	00_inputs/AlphaFold/neoserica_sp_1	00_inputs/AlphaFold/neoserica_sp_1/fold_neoserica_sp_1_model_0.cif	00_inputs/AlphaFold/neoserica_sp_1/fold_neoserica_sp_1_full_data_0.json	1
Neoserica_sp_2	neoserica_sp_2	Neoserica_sp	00_inputs/toxin/Neoserica_sp/GKKO00000000.toxin_renomeado.fasta	00_inputs/AlphaFold/neoserica_sp_2	00_inputs/AlphaFold/neoserica_sp_2/fold_neoserica_sp_2_model_0.cif	00_inputs/AlphaFold/neoserica_sp_2/fold_neoserica_sp_2_full_data_0.json	1
Neoserica_sp_3	neoserica_sp_3	Neoserica_sp	00_inputs/toxin/Neoserica_sp/GKKO00000000.toxin_renomeado.fasta	00_inputs/AlphaFold/neoserica_sp_3	00_inputs/AlphaFold/neoserica_sp_3/fold_neoserica_sp_3_model_0.cif	00_inputs/AlphaFold/neoserica_sp_3/fold_neoserica_sp_3_full_data_0.json	1
Neoserica_sp_4	neoserica_sp_4	Neoserica_sp	00_inputs/toxin/Neoserica_sp/GKKO00000000.toxin_renomeado.fasta	00_inputs/AlphaFold/neoserica_sp_4	00_inputs/AlphaFold/neoserica_sp_4/fold_neoserica_sp_4_model_0.cif	00_inputs/AlphaFold/neoserica_sp_4/fold_neoserica_sp_4_full_data_0.json	1
Nicrophorus_orbicollis_1	nicrophorus_orbicollis_1	Nicrophorus_orbicollis	00_inputs/toxin/Nicrophorus_orbicollis/Nicrophorus_orbicollis.fas.pasta.toxin_renomeado.fasta	00_inputs/AlphaFold/nicrophorus_orbicollis_1	00_inputs/AlphaFold/nicrophorus_orbicollis_1/fold_nicrophorus_orbicollis_1_model_0.cif	00_inputs/AlphaFold/nicrophorus_orbicollis_1/fold_nicrophorus_orbicollis_1_full_data_0.json	1
Nicrophorus_orbicollis_2	nicrophorus_orbicollis_2	Nicrophorus_orbicollis	00_inputs/toxin/Nicrophorus_orbicollis/Nicrophorus_orbicollis.fas.pasta.toxin_renomeado.fasta	00_inputs/AlphaFold/nicrophorus_orbicollis_2	00_inputs/AlphaFold/nicrophorus_orbicollis_2/fold_nicrophorus_orbicollis_2_model_0.cif	00_inputs/AlphaFold/nicrophorus_orbicollis_2/fold_nicrophorus_orbicollis_2_full_data_0.json	1
GKJR00000000_1	gkjr00000000_1	Ocypus_brunnipes	00_inputs/toxin/Ocypus_brunnipes/GKJR00000000/GKJR00000000.toxin_renomeado.fasta				0
Ocypus_brunnipes_1	ocypus_brunnipes_1	Ocypus_brunnipes	00_inputs/toxin/Ocypus_brunnipes/Ocypus_brunnipes.fas.pasta.toxin_renomeado.fasta	00_inputs/AlphaFold/ocypus_brunnipes_1	00_inputs/AlphaFold/ocypus_brunnipes_1/fold_ocypus_brunnipes_1_model_0.cif	00_inputs/AlphaFold/ocypus_brunnipes_1/fold_ocypus_brunnipes_1_full_data_0.json	1
SRR2083703_1	srr2083703_1	Ocypus_brunnipes	00_inputs/toxin/Ocypus_brunnipes/SRR2083703/SRR2083703.toxin_renomeado.fasta				0
GKJS00000000_1	gkjs00000000_1	Odontotaenius_disjunctus	00_inputs/toxin/Odontotaenius_disjunctus/GKJS00000000/GKJS00000000.toxin_renomeado.fasta				0
Odontotaenius_disjunctus_1	odontotaenius_disjunctus_1	Odontotaenius_disjunctus	00_inputs/toxin/Odontotaenius_disjunctus/Odontotaenius_disjunctus.fas.pasta.toxin_renomeado.fasta	00_inputs/AlphaFold/odontotaenius_disjunctus_1	00_inputs/AlphaFold/odontotaenius_disjunctus_1/fold_odontotaenius_disjunctus_1_model_0.cif	00_inputs/AlphaFold/odontotaenius_disjunctus_1/fold_odontotaenius_disjunctus_1_full_data_0.json	1
GHMD00000000_1	ghmd00000000_1	Onthophagus_curvicornis	00_inputs/toxin/Onthophagus_curvicornis/GHMD00000000/GHMD00000000.toxin_renomeado.fasta				0
GHMD00000000_2	ghmd00000000_2	Onthophagus_curvicornis	00_inputs/toxin/Onthophagus_curvicornis/GHMD00000000/GHMD00000000.toxin_renomeado.fasta				0
GHMD00000000_3	ghmd00000000_3	Onthophagus_curvicornis	00_inputs/toxin/Onthophagus_curvicornis/GHMD00000000/GHMD00000000.toxin_renomeado.fasta				0
GHMD00000000_4	ghmd00000000_4	Onthophagus_curvicornis	00_inputs/toxin/Onthophagus_curvicornis/GHMD00000000/GHMD00000000.toxin_renomeado.fasta				0
GHMD00000000_5	ghmd00000000_5	Onthophagus_curvicornis	00_inputs/toxin/Onthophagus_curvicornis/GHMD00000000/GHMD00000000.toxin_renomeado.fasta				0
Onthophagus_curvicornis_1	onthophagus_curvicornis_1	Onthophagus_curvicornis	00_inputs/toxin/Onthophagus_curvicornis/Onthophagus_curvicornis.fas.pasta.toxin_renomeado.fasta	00_inputs/AlphaFold/onthophagus_curvicornis_1	00_inputs/AlphaFold/onthophagus_curvicornis_1/fold_onthophagus_curvicornis_1_model_0.cif	00_inputs/AlphaFold/onthophagus_curvicornis_1/fold_onthophagus_curvicornis_1_full_data_0.json	1
Onthophagus_curvicornis_2	onthophagus_curvicornis_2	Onthophagus_curvicornis	00_inputs/toxin/Onthophagus_curvicornis/Onthophagus_curvicornis.fas.pasta.toxin_renomeado.fasta	00_inputs/AlphaFold/onthophagus_curvicornis_2	00_inputs/AlphaFold/onthophagus_curvicornis_2/fold_onthophagus_curvicornis_2_model_0.cif	00_inputs/AlphaFold/onthophagus_curvicornis_2/fold_onthophagus_curvicornis_2_full_data_0.json	1
Onthophagus_curvicornis_3	onthophagus_curvicornis_3	Onthophagus_curvicornis	00_inputs/toxin/Onthophagus_curvicornis/Onthophagus_curvicornis.fas.pasta.toxin_renomeado.fasta	00_inputs/AlphaFold/onthophagus_curvicornis_3	00_inputs/AlphaFold/onthophagus_curvicornis_3/fold_onthophagus_curvicornis_3_model_0.cif	00_inputs/AlphaFold/onthophagus_curvicornis_3/fold_onthophagus_curvicornis_3_full_data_0.json	1
GKJT00000000_1	gkjt00000000_1	Onthophagus_similis	00_inputs/toxin/Onthophagus_similis/GKJT00000000/GKJT00000000.toxin_renomeado.fasta				0
GKJT00000000_2	gkjt00000000_2	Onthophagus_similis	00_inputs/toxin/Onthophagus_similis/GKJT00000000/GKJT00000000.toxin_renomeado.fasta				0
Onthophagus_similis_1	onthophagus_similis_1	Onthophagus_similis	00_inputs/toxin/Onthophagus_similis/Onthophagus_similis.fas.pasta.toxin_renomeado.fasta	00_inputs/AlphaFold/onthophagus_similis_1	00_inputs/AlphaFold/onthophagus_similis_1/fold_onthophagus_similis_1_model_0.cif	00_inputs/AlphaFold/onthophagus_similis_1/fold_onthophagus_similis_1_full_data_0.json	1
Orphnus_sp_1	orphnus_sp_1	Orphnus_sp	00_inputs/toxin/Orphnus_sp/GKJZ00000000.toxin_renomeado.fasta	00_inputs/AlphaFold/orphnus_sp_1	00_inputs/AlphaFold/orphnus_sp_1/fold_orphnus_sp_1_model_0.cif	00_inputs/AlphaFold/orphnus_sp_1/fold_orphnus_sp_1_full_data_0.json	1
Orphnus_sp_2	orphnus_sp_2	Orphnus_sp	00_inputs/toxin/Orphnus_sp/GKJZ00000000.toxin_renomeado.fasta	00_inputs/AlphaFold/orphnus_sp_2	00_inputs/AlphaFold/orphnus_sp_2/fold_orphnus_sp_2_model_0.cif	00_inputs/AlphaFold/orphnus_sp_2/fold_orphnus_sp_2_full_data_0.json	1
Oxysternon_conspicillatum_1	oxysternon_conspicillatum_1	Oxysternon_conspicillatum	00_inputs/toxin/Oxysternon_conspicillatum/Oxysternon_conspicillatum.fas.pasta.toxin_renomeado.fasta	00_inputs/AlphaFold/oxysternon_conspicillatum_1	00_inputs/AlphaFold/oxysternon_conspicillatum_1/fold_oxysternon_conspicillatum_1_model_0.cif	00_inputs/AlphaFold/oxysternon_conspicillatum_1/fold_oxysternon_conspicillatum_1_full_data_0.json	1
Oxysternon_conspicillatum_2	oxysternon_conspicillatum_2	Oxysternon_conspicillatum	00_inputs/toxin/Oxysternon_conspicillatum/Oxysternon_conspicillatum.fas.pasta.toxin_renomeado.fasta	00_inputs/AlphaFold/oxysternon_conspicillatum_2	00_inputs/AlphaFold/oxysternon_conspicillatum_2/fold_oxysternon_conspicillatum_2_model_0.cif	00_inputs/AlphaFold/oxysternon_conspicillatum_2/fold_oxysternon_conspicillatum_2_full_data_0.json	1
Pachypus_sp_1	pachypus_sp_1	Pachypus_sp	00_inputs/toxin/Pachypus_sp/GKKS00000000.toxin_renomeado.fasta	00_inputs/AlphaFold/pachypus_sp_1	00_inputs/AlphaFold/pachypus_sp_1/fold_pachypus_sp_1_model_0.cif	00_inputs/AlphaFold/pachypus_sp_1/fold_pachypus_sp_1_full_data_0.json	1
GEZM00000000_1	gezm00000000_1	Photinus_pyralis	00_inputs/toxin/Photinus_pyralis/GEZM00000000/GEZM00000000.toxin_renomeado.fasta				0
GEZM00000000_2	gezm00000000_2	Photinus_pyralis	00_inputs/toxin/Photinus_pyralis/GEZM00000000/GEZM00000000.toxin_renomeado.fasta				0
Photinus_pyralis_1	photinus_pyralis_1	Photinus_pyralis	00_inputs/toxin/Photinus_pyralis/Photinus_pyralis.fas.pasta.toxin_renomeado.fasta	00_inputs/AlphaFold/photinus_pyralis_1	00_inputs/AlphaFold/photinus_pyralis_1/fold_photinus_pyralis_1_model_0.cif	00_inputs/AlphaFold/photinus_pyralis_1/fold_photinus_pyralis_1_full_data_0.json	1
Photinus_pyralis_2	photinus_pyralis_2	Photinus_pyralis	00_inputs/toxin/Photinus_pyralis/Photinus_pyralis.fas.pasta.toxin_renomeado.fasta	00_inputs/AlphaFold/photinus_pyralis_2	00_inputs/AlphaFold/photinus_pyralis_2/fold_photinus_pyralis_2_model_0.cif	00_inputs/AlphaFold/photinus_pyralis_2/fold_photinus_pyralis_2_full_data_0.json	1
SRR3521424_1	srr3521424_1	Photinus_pyralis	00_inputs/toxin/Photinus_pyralis/SRR3521424/SRR3521424.toxin_renomeado.fasta				0
SRR3521424_2	srr3521424_2	Photinus_pyralis	00_inputs/toxin/Photinus_pyralis/SRR3521424/SRR3521424.toxin_renomeado.fasta				0
Phyllotocus_sp_1	phyllotocus_sp_1	Phyllotocus_sp	00_inputs/toxin/Phyllotocus_sp/GKKF00000000.toxin_renomeado.fasta	00_inputs/AlphaFold/phyllotocus_sp_1	00_inputs/AlphaFold/phyllotocus_sp_1/fold_phyllotocus_sp_1_model_0.cif	00_inputs/AlphaFold/phyllotocus_sp_1/fold_phyllotocus_sp_1_full_data_0.json	1
Phyllotocus_sp_2	phyllotocus_sp_2	Phyllotocus_sp	00_inputs/toxin/Phyllotocus_sp/GKKF00000000.toxin_renomeado.fasta	00_inputs/AlphaFold/phyllotocus_sp_2	00_inputs/AlphaFold/phyllotocus_sp_2/fold_phyllotocus_sp_2_model_0.cif	00_inputs/AlphaFold/phyllotocus_sp_2/fold_phyllotocus_sp_2_full_data_0.json	1
Phyllotocus_sp_3	phyllotocus_sp_3	Phyllotocus_sp	00_inputs/toxin/Phyllotocus_sp/GKKF00000000.toxin_renomeado.fasta	00_inputs/AlphaFold/phyllotocus_sp_3	00_inputs/AlphaFold/phyllotocus_sp_3/fold_phyllotocus_sp_3_model_0.cif	00_inputs/AlphaFold/phyllotocus_sp_3/fold_phyllotocus_sp_3_full_data_0.json	1
Platycerus_caraboides_1	platycerus_caraboides_1	Platycerus_caraboides	00_inputs/toxin/Platycerus_caraboides/GKJF00000000.toxin_renomeado.fasta	00_inputs/AlphaFold/platycerus_caraboides_1	00_inputs/AlphaFold/platycerus_caraboides_1/fold_platycerus_caraboides_1_model_0.cif	00_inputs/AlphaFold/platycerus_caraboides_1/fold_platycerus_caraboides_1_full_data_0.json	1
Platycerus_caraboides_2	platycerus_caraboides_2	Platycerus_caraboides	00_inputs/toxin/Platycerus_caraboides/GKJF00000000.toxin_renomeado.fasta	00_inputs/AlphaFold/platycerus_caraboides_2	00_inputs/AlphaFold/platycerus_caraboides_2/fold_platycerus_caraboides_2_model_0.cif	00_inputs/AlphaFold/platycerus_caraboides_2/fold_platycerus_caraboides_2_full_data_0.json	1
Pleophylla_fasciatipennis_1	pleophylla_fasciatipennis_1	Pleophylla_fasciatipennis	00_inputs/toxin/Pleophylla_fasciatipennis/GKJA00000000.toxin_renomeado.fasta	00_inputs/AlphaFold/pleophylla_fasciatipennis_1	00_inputs/AlphaFold/pleophylla_fasciatipennis_1/fold_pleophylla_fasciatipennis_1_model_0.cif	00_inputs/AlphaFold/pleophylla_fasciatipennis_1/fold_pleophylla_fasciatipennis_1_full_data_0.json	1
Pleurophorus_caesus_1	pleurophorus_caesus_1	Pleurophorus_caesus	00_inputs/toxin/Pleurophorus_caesus/GKIN00000000.toxin_renomeado.fasta	00_inputs/AlphaFold/pleurophorus_caesus_1	00_inputs/AlphaFold/pleurophorus_caesus_1/fold_pleurophorus_caesus_1_model_0.cif	00_inputs/AlphaFold/pleurophorus_caesus_1/fold_pleurophorus_caesus_1_full_data_0.json	1
GACO00000000_1	gaco00000000_1	Priacma_serrata	00_inputs/toxin/Priacma_serrata/GACO00000000/GACO00000000.toxin_renomeado.fasta				0
Priacma_serrata_1	priacma_serrata_1	Priacma_serrata	00_inputs/toxin/Priacma_serrata/Priacma_serrata.fas.pasta.toxin_renomeado.fasta	00_inputs/AlphaFold/priacma_serrata_1	00_inputs/AlphaFold/priacma_serrata_1/fold_priacma_serrata_1_model_0.cif	00_inputs/AlphaFold/priacma_serrata_1/fold_priacma_serrata_1_full_data_0.json	1
Psylliodes_chrysocephalus_1	psylliodes_chrysocephalus_1	Psylliodes_chrysocephalus	00_inputs/toxin/Psylliodes_chrysocephalus/Psylliodes_chrysocephalus.fas.pasta.toxin_renomeado.fasta	00_inputs/AlphaFold/psylliodes_chrysocephalus_1	00_inputs/AlphaFold/psylliodes_chrysocephalus_1/fold_psylliodes_chrysocephalus_1_model_0.cif	00_inputs/AlphaFold/psylliodes_chrysocephalus_1/fold_psylliodes_chrysocephalus_1_full_data_0.json	1
Psylliodes_chrysocephalus_2	psylliodes_chrysocephalus_2	Psylliodes_chrysocephalus	00_inputs/toxin/Psylliodes_chrysocephalus/Psylliodes_chrysocephalus.fas.pasta.toxin_renomeado.fasta	00_inputs/AlphaFold/psylliodes_chrysocephalus_2	00_inputs/AlphaFold/psylliodes_chrysocephalus_2/fold_psylliodes_chrysocephalus_2_model_0.cif	00_inputs/AlphaFold/psylliodes_chrysocephalus_2/fold_psylliodes_chrysocephalus_2_full_data_0.json	1
Scitalia_sp_1	scitalia_sp_1	Scitalia_sp	00_inputs/toxin/Scitalia_sp/GKKH00000000.toxin_renomeado.fasta	00_inputs/AlphaFold/scitalia_sp_1	00_inputs/AlphaFold/scitalia_sp_1/fold_scitalia_sp_1_model_0.cif	00_inputs/AlphaFold/scitalia_sp_1/fold_scitalia_sp_1_full_data_0.json	1
Scitalia_sp_2	scitalia_sp_2	Scitalia_sp	00_inputs/toxin/Scitalia_sp/GKKH00000000.toxin_renomeado.fasta	00_inputs/AlphaFold/scitalia_sp_2	00_inputs/AlphaFold/scitalia_sp_2/fold_scitalia_sp_2_model_0.cif	00_inputs/AlphaFold/scitalia_sp_2/fold_scitalia_sp_2_full_data_0.json	1
Scitalia_sp_3	scitalia_sp_3	Scitalia_sp	00_inputs/toxin/Scitalia_sp/GKKH00000000.toxin_renomeado.fasta	00_inputs/AlphaFold/scitalia_sp_3	00_inputs/AlphaFold/scitalia_sp_3/fold_scitalia_sp_3_model_0.cif	00_inputs/AlphaFold/scitalia_sp_3/fold_scitalia_sp_3_full_data_0.json	1
GGMU00000000_1	ggmu00000000_1	Serangium_japonicum	00_inputs/toxin/Serangium_japonicum/GGMU00000000/GGMU00000000.toxin_renomeado.fasta				0
GGMU00000000_2	ggmu00000000_2	Serangium_japonicum	00_inputs/toxin/Serangium_japonicum/GGMU00000000/GGMU00000000.toxin_renomeado.fasta				0
Serangium_japonicum_1	serangium_japonicum_1	Serangium_japonicum	00_inputs/toxin/Serangium_japonicum/Serangium_japonicum.fas.pasta.toxin_renomeado.fasta	00_inputs/AlphaFold/serangium_japonicum_1	00_inputs/AlphaFold/serangium_japonicum_1/fold_serangium_japonicum_1_model_0.cif	00_inputs/AlphaFold/serangium_japonicum_1/fold_serangium_japonicum_1_full_data_0.json	1
GKJD00000000_1	gkjd00000000_1	Serica_brunnea	00_inputs/toxin/Serica_brunnea/GKJD00000000/GKJD00000000.toxin_renomeado.fasta				0
GKJD00000000_2	gkjd00000000_2	Serica_brunnea	00_inputs/toxin/Serica_brunnea/GKJD00000000/GKJD00000000.toxin_renomeado.fasta				0
GKJD00000000_3	gkjd00000000_3	Serica_brunnea	00_inputs/toxin/Serica_brunnea/GKJD00000000/GKJD00000000.toxin_renomeado.fasta				0
Serica_brunnea_1	serica_brunnea_1	Serica_brunnea	00_inputs/toxin/Serica_brunnea/Serica_brunnea.fas.pasta.toxin_renomeado.fasta	00_inputs/AlphaFold/serica_brunnea_1	00_inputs/AlphaFold/serica_brunnea_1/fold_serica_brunnea_1_model_0.cif	00_inputs/AlphaFold/serica_brunnea_1/fold_serica_brunnea_1_full_data_0.json	1
Serica_brunnea_2	serica_brunnea_2	Serica_brunnea	00_inputs/toxin/Serica_brunnea/Serica_brunnea.fas.pasta.toxin_renomeado.fasta	00_inputs/AlphaFold/serica_brunnea_2	00_inputs/AlphaFold/serica_brunnea_2/fold_serica_brunnea_2_model_0.cif	00_inputs/AlphaFold/serica_brunnea_2/fold_serica_brunnea_2_full_data_0.json	1
Sisyphus_schaefferi_1	sisyphus_schaefferi_1	Sisyphus_schaefferi	00_inputs/toxin/Sisyphus_schaefferi/GKIS00000000.toxin_renomeado.fasta	00_inputs/AlphaFold/sisyphus_schaefferi_1	00_inputs/AlphaFold/sisyphus_schaefferi_1/fold_sisyphus_schaefferi_1_model_0.cif	00_inputs/AlphaFold/sisyphus_schaefferi_1/fold_sisyphus_schaefferi_1_full_data_0.json	1
Sisyphus_schaefferi_2	sisyphus_schaefferi_2	Sisyphus_schaefferi	00_inputs/toxin/Sisyphus_schaefferi/GKIS00000000.toxin_renomeado.fasta	00_inputs/AlphaFold/sisyphus_schaefferi_2	00_inputs/AlphaFold/sisyphus_schaefferi_2/fold_sisyphus_schaefferi_2_model_0.cif	00_inputs/AlphaFold/sisyphus_schaefferi_2/fold_sisyphus_schaefferi_2_full_data_0.json	1
Sisyphus_schaefferi_3	sisyphus_schaefferi_3	Sisyphus_schaefferi	00_inputs/toxin/Sisyphus_schaefferi/GKIS00000000.toxin_renomeado.fasta	00_inputs/AlphaFold/sisyphus_schaefferi_3	00_inputs/AlphaFold/sisyphus_schaefferi_3/fold_sisyphus_schaefferi_3_model_0.cif	00_inputs/AlphaFold/sisyphus_schaefferi_3/fold_sisyphus_schaefferi_3_full_data_0.json	1
Sisyphus_schaefferi_4	sisyphus_schaefferi_4	Sisyphus_schaefferi	00_inputs/toxin/Sisyphus_schaefferi/GKIS00000000.toxin_renomeado.fasta	00_inputs/AlphaFold/sisyphus_schaefferi_4	00_inputs/AlphaFold/sisyphus_schaefferi_4/fold_sisyphus_schaefferi_4_model_0.cif	00_inputs/AlphaFold/sisyphus_schaefferi_4/fold_sisyphus_schaefferi_4_full_data_0.json	1
GGKK00000000_1	ggkk00000000_1	Sitophilus_oryzae	00_inputs/toxin/Sitophilus_oryzae/GGKK00000000/GGKK00000000.toxin_renomeado.fasta				0
GGKK00000000_2	ggkk00000000_2	Sitophilus_oryzae	00_inputs/toxin/Sitophilus_oryzae/GGKK00000000/GGKK00000000.toxin_renomeado.fasta				0
SRR19974962_1	srr19974962_1	Sitophilus_oryzae	00_inputs/toxin/Sitophilus_oryzae/SRR19974962/SRR19974962.toxin_renomeado.fasta				0
Sitophilus_oryzae_1	sitophilus_oryzae_1	Sitophilus_oryzae	00_inputs/toxin/Sitophilus_oryzae/Sitophilus_oryzae.fas.pasta.toxin_renomeado.fasta	00_inputs/AlphaFold/sitophilus_oryzae_1	00_inputs/AlphaFold/sitophilus_oryzae_1/fold_sitophilus_oryzae_1_model_0.cif	00_inputs/AlphaFold/sitophilus_oryzae_1/fold_sitophilus_oryzae_1_full_data_0.json	1
Sitophilus_oryzae_2	sitophilus_oryzae_2	Sitophilus_oryzae	00_inputs/toxin/Sitophilus_oryzae/Sitophilus_oryzae.fas.pasta.toxin_renomeado.fasta	00_inputs/AlphaFold/sitophilus_oryzae_2	00_inputs/AlphaFold/sitophilus_oryzae_2/fold_sitophilus_oryzae_2_model_0.cif	00_inputs/AlphaFold/sitophilus_oryzae_2/fold_sitophilus_oryzae_2_full_data_0.json	1
GDMQ00000000_1	gdmq00000000_1	Sitophilus_zeamais	00_inputs/toxin/Sitophilus_zeamais/GDMQ00000000/GDMQ00000000.toxin_renomeado.fasta				0
Sitophilus_zeamais_1	sitophilus_zeamais_1	Sitophilus_zeamais	00_inputs/toxin/Sitophilus_zeamais/Sitophilus_zeamais.fas.pasta.toxin_renomeado.fasta	00_inputs/AlphaFold/sitophilus_zeamais_1	00_inputs/AlphaFold/sitophilus_zeamais_1/fold_sitophilus_zeamais_1_model_0.cif	00_inputs/AlphaFold/sitophilus_zeamais_1/fold_sitophilus_zeamais_1_full_data_0.json	1
Sitophilus_zeamais_2	sitophilus_zeamais_2	Sitophilus_zeamais	00_inputs/toxin/Sitophilus_zeamais/Sitophilus_zeamais.fas.pasta.toxin_renomeado.fasta	00_inputs/AlphaFold/sitophilus_zeamais_2	00_inputs/AlphaFold/sitophilus_zeamais_2/fold_sitophilus_zeamais_2_model_0.cif	00_inputs/AlphaFold/sitophilus_zeamais_2/fold_sitophilus_zeamais_2_full_data_0.json	1
Sophrops_sp_1	sophrops_sp_1	Sophrops_sp	00_inputs/toxin/Sophrops_sp/GKKB00000000.toxin_renomeado.fasta	00_inputs/AlphaFold/sophrops_sp_1	00_inputs/AlphaFold/sophrops_sp_1/fold_sophrops_sp_1_model_0.cif	00_inputs/AlphaFold/sophrops_sp_1/fold_sophrops_sp_1_full_data_0.json	1
Spercheus_emarginatus_1	spercheus_emarginatus_1	Spercheus_emarginatus	00_inputs/toxin/Spercheus_emarginatus/GDMT00000000.toxin_renomeado.fasta	00_inputs/AlphaFold/spercheus_emarginatus_1	00_inputs/AlphaFold/spercheus_emarginatus_1/fold_spercheus_emarginatus_1_model_0.cif	00_inputs/AlphaFold/spercheus_emarginatus_1/fold_spercheus_emarginatus_1_full_data_0.json	1
Spercheus_emarginatus_2	spercheus_emarginatus_2	Spercheus_emarginatus	00_inputs/toxin/Spercheus_emarginatus/GDMT00000000.toxin_renomeado.fasta	00_inputs/AlphaFold/spercheus_emarginatus_2	00_inputs/AlphaFold/spercheus_emarginatus_2/fold_spercheus_emarginatus_2_model_0.cif	00_inputs/AlphaFold/spercheus_emarginatus_2/fold_spercheus_emarginatus_2_full_data_0.json	1
Spercheus_emarginatus_3	spercheus_emarginatus_3	Spercheus_emarginatus	00_inputs/toxin/Spercheus_emarginatus/GDMT00000000.toxin_renomeado.fasta	00_inputs/AlphaFold/spercheus_emarginatus_3	00_inputs/AlphaFold/spercheus_emarginatus_3/fold_spercheus_emarginatus_3_model_0.cif	00_inputs/AlphaFold/spercheus_emarginatus_3/fold_spercheus_emarginatus_3_full_data_0.json	1
GIPG00000000_1	gipg00000000_1	Tenebrio_molitor	00_inputs/toxin/Tenebrio_molitor/GIPG00000000/GIPG00000000.toxin_renomeado.fasta				0
GIPG00000000_2	gipg00000000_2	Tenebrio_molitor	00_inputs/toxin/Tenebrio_molitor/GIPG00000000/GIPG00000000.toxin_renomeado.fasta				0
Tenebrio_molitor_1	tenebrio_molitor_1	Tenebrio_molitor	00_inputs/toxin/Tenebrio_molitor/Tenebrio_molitor.fas.pasta.toxin_renomeado.fasta	00_inputs/AlphaFold/tenebrio_molitor_1	00_inputs/AlphaFold/tenebrio_molitor_1/fold_tenebrio_molitor_1_model_0.cif	00_inputs/AlphaFold/tenebrio_molitor_1/fold_tenebrio_molitor_1_full_data_0.json	1
Tenebrio_molitor_2	tenebrio_molitor_2	Tenebrio_molitor	00_inputs/toxin/Tenebrio_molitor/Tenebrio_molitor.fas.pasta.toxin_renomeado.fasta	00_inputs/AlphaFold/tenebrio_molitor_2	00_inputs/AlphaFold/tenebrio_molitor_2/fold_tenebrio_molitor_2_model_0.cif	00_inputs/AlphaFold/tenebrio_molitor_2/fold_tenebrio_molitor_2_full_data_0.json	1
Triodontella_sp_1	triodontella_sp_1	Triodontella_sp	00_inputs/toxin/Triodontella_sp/GKKL00000000.toxin_renomeado.fasta	00_inputs/AlphaFold/triodontella_sp_1	00_inputs/AlphaFold/triodontella_sp_1/fold_triodontella_sp_1_model_0.cif	00_inputs/AlphaFold/triodontella_sp_1/fold_triodontella_sp_1_full_data_0.json	1
Triodontella_sp_2	triodontella_sp_2	Triodontella_sp	00_inputs/toxin/Triodontella_sp/GKKL00000000.toxin_renomeado.fasta	00_inputs/AlphaFold/triodontella_sp_2	00_inputs/AlphaFold/triodontella_sp_2/fold_triodontella_sp_2_model_0.cif	00_inputs/AlphaFold/triodontella_sp_2/fold_triodontella_sp_2_full_data_0.json	1
Triodontella_sp_3	triodontella_sp_3	Triodontella_sp	00_inputs/toxin/Triodontella_sp/GKKL00000000.toxin_renomeado.fasta	00_inputs/AlphaFold/triodontella_sp_3	00_inputs/AlphaFold/triodontella_sp_3/fold_triodontella_sp_3_model_0.cif	00_inputs/AlphaFold/triodontella_sp_3/fold_triodontella_sp_3_full_data_0.json	1
Triodontella_sp_4	triodontella_sp_4	Triodontella_sp	00_inputs/toxin/Triodontella_sp/GKKL00000000.toxin_renomeado.fasta	00_inputs/AlphaFold/triodontella_sp_4	00_inputs/AlphaFold/triodontella_sp_4/fold_triodontella_sp_4_model_0.cif	00_inputs/AlphaFold/triodontella_sp_4/fold_triodontella_sp_4_full_data_0.json	1
ICLG00000000_1	iclg00000000_1	Zophobas_atratus	00_inputs/toxin/Zophobas_atratus/ICLG00000000/ICLG00000000.toxin_renomeado.fasta				0
ICLG00000000_2	iclg00000000_2	Zophobas_atratus	00_inputs/toxin/Zophobas_atratus/ICLG00000000/ICLG00000000.toxin_renomeado.fasta				0
ICLG00000000_3	iclg00000000_3	Zophobas_atratus	00_inputs/toxin/Zophobas_atratus/ICLG00000000/ICLG00000000.toxin_renomeado.fasta				0
ICLG00000000_4	iclg00000000_4	Zophobas_atratus	00_inputs/toxin/Zophobas_atratus/ICLG00000000/ICLG00000000.toxin_renomeado.fasta				0
ICLG00000000_5	iclg00000000_5	Zophobas_atratus	00_inputs/toxin/Zophobas_atratus/ICLG00000000/ICLG00000000.toxin_renomeado.fasta				0
Zophobas_atratus_1	zophobas_atratus_1	Zophobas_atratus	00_inputs/toxin/Zophobas_atratus/Zophobas_atratus.fas.pasta.toxin_renomeado.fasta	00_inputs/AlphaFold/zophobas_atratus_1	00_inputs/AlphaFold/zophobas_atratus_1/fold_zophobas_atratus_1_model_0.cif	00_inputs/AlphaFold/zophobas_atratus_1/fold_zophobas_atratus_1_full_data_0.json	1
