candidate_id	pfam_model	full_evalue	dom_evalue	dom_score	ali_from	ali_to
Ablabera_sp_1	Kunitz_BPTI	3.4e-23	4.3e-23	75.5	34	86
Ablabera_sp_1	Myticin-prepro	0.00065	0.0012	13.3	1	60
Ablabera_sp_2	Trypsin	1.6e-19	1.8e-19	64.6	1	62
Acalymma_vittatum_1	Peptidase_S9	3.1e-12	3.6e-12	40.4	20	84
Acalymma_vittatum_2	COesterase	1.7e-24	2e-24	80.6	1	88
Acalymma_vittatum_2	BD-FAE	1.2e-07	1.3e-07	25.5	2	70
Acalymma_vittatum_2	Abhydrolase_3	0.00026	0.00026	15.0	2	41
Acalymma_vittatum_2	FxsA	0.00094	0.0013	13.1	20	51
Acalymma_vittatum_4	Trypsin	8.8e-15	1e-14	49.1	36	79
Acalymma_vittatum_5	Trypsin	8.2e-15	9.2e-15	49.2	32	75
Aethina_tumida_1	TIL	3.8e-14	4.5e-14	46.6	23	76
Aethina_tumida_1	TIL_OTOGL_Mucin	4.9e-05	8.1e-05	16.8	29	76
Aethina_tumida_2	TIL	3.4e-14	4.9e-14	46.5	25	78
Aethina_tumida_2	TIL_OTOGL_Mucin	4.8e-05	8.8e-05	16.7	31	78
Aethina_tumida_3	Trypsin	1.9e-13	3e-13	44.3	37	85
Aethina_tumida_4	Kunitz_BPTI	1.3e-22	1.7e-22	73.6	34	85
Allokotarsa_sp_1	Trypsin	1.1e-22	1.2e-22	75.0	9	76
Allokotarsa_sp_2	Kunitz_BPTI	2.2e-16	2.2e-16	54.0	37	91
Allokotarsa_sp_3	Kunitz_BPTI	1.3e-22	1.7e-22	73.6	35	87
Alurnus_ornatus_1	Trypsin	1e-21	1.1e-21	71.9	1	58
Alurnus_ornatus_1	Toxin_4	0.00017	0.00021	15.9	14	57
Alurnus_ornatus_2	Peptidase_M13	2.2e-19	2.4e-19	64.0	1	65
Alurnus_ornatus_3	Kazal_2	1.1e-08	1.5e-08	28.9	32	81
Alurnus_ornatus_3	Kazal_1	7.9e-07	2.1e-06	21.9	35	81
Alurnus_ornatus_3	Eas	7.3e-05	0.00017	16.0	5	46
Amphimallon_solstitiale_1	TIL	5.6e-17	6.5e-17	55.7	24	79
Amphimallon_solstitiale_1	TIL_OTOGL_Mucin	2.8e-08	3.9e-08	27.5	30	79
Amphimallon_solstitiale_2	Peptidase_M13	2.4e-20	2.6e-20	67.1	2	78
Amphizoa_insolens_1	Trypsin	2e-22	2.3e-22	74.1	1	55
Amphizoa_insolens_1	Toxin_4	0.00073	0.001	13.7	11	37
Amphizoa_lecontei_1	Trypsin	2e-22	2.3e-22	74.1	1	55
Amphizoa_lecontei_1	Toxin_4	0.00073	0.001	13.7	11	37
Anomala_sp_1	TIL	2.6e-16	3e-16	53.6	24	79
Anomala_sp_1	TIL_OTOGL_Mucin	1.2e-07	1.2e-07	25.9	30	79
Anomala_sp_1	C_tripleX	0.00065	0.00065	13.8	32	59
Anomala_sp_1	C_tripleX	0.00065	56.0	-2.0	73	76
Anomala_sp_1	C_tripleX	0.00065	220.0	-3.9	23	24
Anomala_sp_2	Kazal_1	2.9e-11	4.4e-11	36.9	33	82
Anomala_sp_2	Kazal_2	2.6e-09	3.4e-09	31.0	33	82
Anomala_sp_2	DUF1505	2.3e-05	6e-05	17.4	1	71
Anoplophora_glabripennis_1	Kunitz_BPTI	6.5e-22	7.9e-22	71.5	29	81
Aphodius_haemorrhoidalis_1	Kazal_1	2.1e-10	4.4e-10	33.7	35	86
Aphodius_haemorrhoidalis_1	Kazal_2	9.2e-10	1.3e-09	32.3	37	86
Aphodius_haemorrhoidalis_1	DUF1505	1.7e-05	2.4e-05	18.7	1	74
Aphodius_haemorrhoidalis_1	Eas	0.00084	0.0018	12.6	1	77
Aphodius_scrutator_1	Peptidase_M13	1.1e-19	1.2e-19	65.0	1	65
Aphodius_scrutator_2	TIL	8.8e-17	1e-16	55.1	23	77
Aphodius_scrutator_2	TIL_OTOGL_Mucin	2.3e-06	3.4e-06	21.3	28	77
Aphodius_scrutator_2	VSTM5_C	0.00053	0.001	13.1	4	18
Aphodius_scrutator_3	Trypsin	1.7e-21	1.8e-21	71.2	10	69
Aphodius_scrutator_4	Astacin	1.2e-21	1.3e-21	71.3	15	83
Aphodius_scrutator_4	SGP	0.00045	0.00056	15.0	9	55
Aphodius_scrutator_5	Trypsin	2.7e-24	3e-24	80.2	7	70
Aromia_moschata_1	Trypsin	3.8e-29	4.2e-29	96.1	2	79
Astenopholis_sp_1	TIL	6.2e-16	7.5e-16	52.3	24	79
Astenopholis_sp_1	TIL_OTOGL_Mucin	3.3e-07	3.3e-07	24.5	30	79
Batrachomatus_nannup_1	Trypsin	5.9e-19	6.1e-19	62.9	5	82
Batrachomatus_nannup_2	Trypsin	1.9e-15	2.1e-15	51.3	24	89
Batrachomatus_nannup_2	DUF1986	0.00057	0.00068	14.3	44	85
Bolboceras_sp_1	Kazal_1	1.9e-15	2.4e-15	50.6	32	76
Bolboceras_sp_1	Kazal_2	1.1e-13	1.4e-13	45.0	30	76
Bolboceras_sp_1	Kazal_CFAI	1.2e-05	1.9e-05	19.2	33	58
Bolboceras_sp_2	Trypsin	1.4e-14	1.6e-14	48.4	1	58
Bolboceras_sp_3	TIL	4.8e-17	5.5e-17	55.9	23	76
Bolboceras_sp_3	TIL_OTOGL_Mucin	1e-08	1.4e-08	28.9	29	76
Brassicogethes_aeneus_1	G_glu_transpept	1.2e-18	1.2e-18	61.3	8	71
Brassicogethes_aeneus_2	Kunitz_BPTI	2.1e-12	2.8e-12	40.9	27	75
Byrrhus_pilula_1	Trypsin	2.5e-16	2.9e-16	54.1	24	88
Byrrhus_pilula_2	Trypsin	1e-21	1.2e-21	71.7	4	75
Byrrhus_pilula_3	Trypsin	2.2e-21	2.4e-21	70.7	2	86
Byrrhus_pilula_4	Phospholip_A2_2	1e-12	1.7e-12	41.6	13	54
Byrrhus_pilula_4	TPGS1_C	0.00067	0.0008	13.2	23	61
Byrrhus_pilula_5	Kunitz_BPTI	3.2e-22	4.2e-22	72.4	35	87
Byturus_ochraceus_1	TIL	2.9e-17	3.6e-17	56.5	26	80
Byturus_ochraceus_1	TIL_OTOGL_Mucin	2.9e-08	4.2e-08	27.4	32	80
Callosobruchus_maculatus_1	Trypsin	1.2e-22	1.4e-22	74.8	1	61
Calosoma_frigidum_1	Kunitz_BPTI	2.9e-22	3.5e-22	72.6	35	86
Carabus_violaceus_1	Peptidase_M13	1.9e-21	1.9e-21	70.8	4	81
Carabus_violaceus_2	Peptidase_M13	1.4e-14	1.5e-14	48.3	1	55
Catharsius_molossus_1	Pacifastin_I	2.1e-25	1.2e-14	48.0	59	89
Catharsius_molossus_1	Pacifastin_I	2.1e-25	2.2e-12	40.8	23	53
Catharsius_molossus_1	VWF	3.3e-11	7e-08	26.2	25	48
Catharsius_molossus_1	FnI_RECK	4.4e-10	1.5e-06	22.7	26	51
Catharsius_molossus_1	FnI_RECK	4.4e-10	9e-05	17.0	55	88
Catharsius_molossus_1	VWF	3.3e-11	0.00015	15.6	61	75
Catharsius_molossus_1	VWC2L_2nd	0.00054	0.0028	11.6	65	89
Catharsius_molossus_1	VWC2L_2nd	0.00054	0.055	7.5	28	54
Catharsius_molossus_2	Pacifastin_I	2e-27	7.9e-15	48.6	60	91
Catharsius_molossus_2	Pacifastin_I	2e-27	3.4e-14	46.6	23	57
Catharsius_molossus_2	VWF	6e-09	1.6e-06	21.9	25	49
Catharsius_molossus_2	FnI_RECK	1.3e-08	1e-05	20.0	27	51
Catharsius_molossus_2	FnI_RECK	1.3e-08	0.00032	15.2	62	89
Catharsius_molossus_2	VWF	6e-09	0.00071	13.4	62	76
Ceutorhynchus_napi_1	Kunitz_BPTI	1.5e-14	2.2e-14	47.6	28	78
Ceutorhynchus_napi_2	Trypsin	7.5e-22	8.2e-22	72.3	1	61
Ceutorhynchus_napi_2	DUF316	0.00013	0.00013	15.7	12	44
Ceutorhynchus_napi_3	Kunitz_BPTI	2.1e-12	2.8e-12	40.9	27	75
Cicindela_hybrida_1	Kazal_1	1.5e-14	1.9e-14	47.7	24	65
Cicindela_hybrida_1	Kazal_2	7.4e-14	9.6e-14	45.5	21	65
Cicindela_hybrida_1	Kazal_CFAI	2.7e-05	3.8e-05	18.3	25	65
Copris_lunaris_1	TIL	3.5e-16	4e-16	53.2	23	77
Copris_lunaris_1	Target_ACGX	2.4e-06	2.7e-06	21.7	20	55
Copris_lunaris_1	TIL_OTOGL_Mucin	4.1e-06	6.2e-06	20.4	28	77
Copris_lunaris_2	Trypsin	1.5e-23	1.8e-23	77.7	1	57
Copris_lunaris_2	Toxin_4	0.00057	0.00096	13.8	14	41
Copris_lunaris_3	Kazal_2	1.5e-10	1.9e-10	35.0	33	82
Copris_lunaris_3	Kazal_1	1.8e-10	2.7e-10	34.4	37	82
Copris_lunaris_3	LCE	5.8e-05	6.5e-05	18.0	24	87
Copris_lunaris_3	DUF1505	0.00021	0.00039	14.8	2	71
Copris_lunaris_3	SPW_0924	0.00027	0.00039	14.6	8	28
Cucujus_clavipes_1	Kunitz_BPTI	4.6e-19	7e-19	62.1	34	84
Dastarcus_helophoroides_1	Kunitz_BPTI	4.1e-14	5.6e-14	46.4	33	83
Dastarcus_helophoroides_1	Kunitz_BPTI	4.1e-14	5.6	1.5	24	34
Dastarcus_helophoroides_2	Trypsin	6.4e-23	6.9e-23	75.8	3	77
Diabrotica_virgifera_1	Trypsin	8.1e-18	8.8e-18	59.1	1	56
Dichotomius_satanas_1	TIL	2.7e-16	3.1e-16	53.5	23	76
Dichotomius_satanas_1	TIL_OTOGL_Mucin	5e-07	5e-07	23.9	29	76
Dichotomius_satanas_1	C_tripleX	0.00082	0.00082	13.5	31	56
Dichotomius_satanas_1	C_tripleX	0.00082	43.0	-1.6	69	72
Dichotomius_satanas_1	C_tripleX	0.00082	56.0	-2.0	21	23
Dichotomius_satanas_2	Pacifastin_I	1.4e-25	6.3e-14	45.7	23	56
Dichotomius_satanas_2	Pacifastin_I	1.4e-25	2.5e-13	43.8	59	88
Dichotomius_satanas_2	VWF	1.5e-09	4.4e-07	23.7	24	47
Dichotomius_satanas_2	FnI_RECK	5.6e-07	1.7e-05	19.3	25	50
Dichotomius_satanas_2	VWF	1.5e-09	0.00093	13.1	60	75
Dichotomius_satanas_2	VWC	0.00032	0.003	12.1	25	58
Dichotomius_satanas_2	FnI_RECK	5.6e-07	0.0085	10.7	60	88
Dichotomius_satanas_2	VWC	0.00032	0.052	8.1	56	88
Dichotomius_satanas_3	Trypsin	6.8e-24	7.2e-24	79.0	6	70
Dichotomius_satanas_4	CAP	2.3e-09	2.9e-09	32.1	38	87
Dichotomius_satanas_5	Trypsin	8e-22	8.8e-22	72.2	1	57
Dichotomius_satanas_5	Toxin_4	0.00071	0.00097	13.8	13	38
Dichotomius_satanas_6	His_Phos_2	4.3e-05	4.6e-05	17.1	14	65
Dichotomius_satanas_7	His_Phos_2	7.1e-14	7.8e-14	46.0	11	96
Diphucephala_sp_1	Kazal_2	1.9e-10	3e-10	34.3	22	59
Diphucephala_sp_1	Kazal_1	3.8e-07	7e-07	23.5	26	58
Diphucephala_sp_2	TIL	8.3e-16	9.6e-16	52.0	24	79
Diphucephala_sp_2	TIL_OTOGL_Mucin	1.6e-05	2.3e-05	18.6	31	79
Diphucephala_sp_3	TIL	1.1e-15	1.3e-15	51.5	27	82
Diphucephala_sp_3	TIL_OTOGL_Mucin	2.1e-05	2.1e-05	18.7	34	82
Diphucephala_sp_3	TIL_OTOGL_Mucin	2.1e-05	33.0	-1.1	18	32
Diphucephala_sp_4	Abhydrolase_1	7.8e-05	9.2e-05	16.4	3	64
Dorcus_parallelipipedus_1	COesterase	1.4e-11	1.6e-11	38.0	21	63
Elaphrus_aureus_1	Kazal_2	8.5e-11	1.1e-10	35.8	24	73
Elaphrus_aureus_1	Kazal_1	4.6e-10	6.7e-10	33.1	24	73
Elaphrus_aureus_1	Kazal_C6	3.6e-05	5.1e-05	17.5	29	73
Elaphrus_aureus_2	Trypsin	2.3e-18	2.5e-18	60.9	3	85
Elateroides_flabellicornis_1	Toxin_12	2.2e-06	2.8e-06	21.4	24	52
Elateroides_flabellicornis_1	Toxin_30	0.00055	0.00084	13.9	25	51
Elateroides_flabellicornis_2	Peptidase_M13	1.3e-22	1.4e-22	74.5	3	69
Elateroides_flabellicornis_4	Kunitz_BPTI	2.4e-21	2.4e-21	69.9	42	93
Eophileurus_sp_1	Trypsin	3e-23	3.3e-23	76.8	1	57
Eophileurus_sp_1	Toxin_4	7.6e-05	9.8e-05	17.0	13	39
Eophileurus_sp_2	TIL	2.4e-12	2.9e-12	40.8	29	82
Euoniticellus_fulvus_1	TIL	1.1e-16	1.3e-16	54.8	24	77
Euoniticellus_fulvus_1	TIL_OTOGL_Mucin	3.9e-06	5.5e-06	20.6	29	77
Euwallacea_fornicatus_1	Kunitz_BPTI	5.2e-18	6.4e-18	59.0	35	87
Euwallacea_fornicatus_2	Trehalase	9.9e-18	1e-17	58.3	4	48
GACO00000000_1	Kunitz_BPTI	2.5e-20	3.6e-20	66.2	31	85
GBCX00000000_1	Kunitz_BPTI	1.7e-15	2.3e-15	50.8	25	75
GDLG00000000_1	TIL	2.9e-17	3.6e-17	56.5	26	80
GDLG00000000_1	TIL_OTOGL_Mucin	2.9e-08	4.2e-08	27.4	32	80
GDMI00000000_1	Kunitz_BPTI	3.2e-22	4.2e-22	72.4	35	87
GDMJ00000000_1	Defensin_2	1.7e-18	1.7e-18	60.5	63	93
GDMJ00000000_1	Gamma-thionin	0.00019	0.00019	15.9	65	93
GDMJ00000000_1	Defensin_2	1.7e-18	56.0	-1.9	51	57
GDMJ00000000_1	Gamma-thionin	0.00019	73.0	-2.0	5	15
GDMQ00000000_1	Kunitz_BPTI	4.6e-14	6.4e-14	46.2	32	81
GDNW00000000_1	Kunitz_BPTI	4.6e-19	7e-19	62.1	34	84
GDOF00000000_1	Peptidase_M13	2.2e-19	2.4e-19	64.0	1	65
GDOF00000000_2	Kazal_2	1.1e-08	1.5e-08	28.9	32	81
GDOF00000000_2	Kazal_1	7.9e-07	2.1e-06	21.9	35	81
GDOF00000000_2	Eas	7.3e-05	0.00017	16.0	5	46
GDOV00000000_1	TIL	4.8e-11	6e-11	36.6	30	85
GDOV00000000_2	Trypsin	1.2e-16	1.3e-16	55.3	4	62
GDOV00000000_2	DUF8331	0.00065	0.00075	14.0	4	39
GDOZ00000000_1	Trypsin	2.8e-24	3.1e-24	80.2	8	92
GDOZ00000000_1	Peptidase_S55	0.00071	0.00077	13.6	33	69
GDPI00000000_1	Kazal_2	8.5e-11	1.1e-10	35.8	24	73
GDPI00000000_1	Kazal_1	4.6e-10	6.7e-10	33.1	24	73
GDPI00000000_1	Kazal_C6	3.6e-05	5.1e-05	17.5	29	73
GDPR00000000_1	Trypsin	1.2e-21	1.3e-21	71.6	11	76
GDPU00000000_1	Kunitz_BPTI	1.3e-21	1.8e-21	70.4	33	85
GDPU00000000_2	TIL	4.6e-12	5.6e-12	39.9	26	81
GEUF00000000_1	Trypsin	1.2e-22	1.4e-22	74.8	1	61
GEZM00000000_1	Peptidase_M13	7.9e-24	8.6e-24	78.5	2	93
GEZM00000000_2	Kunitz_BPTI	5.4e-22	7e-22	71.7	29	81
GFUH00000000_1	Trypsin	2.2e-27	2.6e-27	90.3	9	80
GFUH00000000_2	Kazal_1	8.6e-13	1.1e-12	42.0	36	85
GFUH00000000_2	Kazal_2	8.4e-09	1.3e-08	29.1	39	70
GFUH00000000_2	Frizzled	0.00084	0.00089	12.7	3	68
GFUH00000000_3	Trypsin	2e-22	2.3e-22	74.1	1	55
GFUH00000000_3	Toxin_4	0.00073	0.001	13.7	11	37
GFUI00000000_1	Kunitz_BPTI	1.8e-22	2.2e-22	73.3	35	86
GFUJ00000000_1	Kunitz_BPTI	4.4e-22	5.5e-22	72.0	36	87
GFUK00000000_1	Trypsin	1.9e-18	2.1e-18	61.1	2	93
GFUN00000000_1	COesterase	3.8e-29	4.4e-29	95.9	29	91
GFUN00000000_1	BD-FAE	4.2e-05	5e-05	17.1	44	77
GFUN00000000_1	Abhydrolase_3	0.00039	0.00046	14.2	44	78
GGKK00000000_1	Kunitz_BPTI	3.1e-16	5.2e-16	52.9	32	81
GGKK00000000_2	Peptidase_M13	5e-19	5.4e-19	62.8	1	65
GGMU00000000_1	COesterase	9e-12	1e-11	38.6	21	62
GGMU00000000_2	G_glu_transpept	5.4e-17	5.9e-17	55.7	1	52
GGNV00000000_1	Kunitz_BPTI	1.1e-23	1.4e-23	77.1	30	81
GGNV00000000_2	Kunitz_BPTI	4.8e-23	5.7e-23	75.2	31	82
GGNV00000000_2	DUF1505	0.00053	0.00079	13.8	6	41
GGNV00000000_3	COesterase	2.2e-11	2.4e-11	37.4	24	68
GGNV00000000_4	Trypsin	2.5e-17	2.7e-17	57.5	3	83
GGNV00000000_5	Trypsin	3.7e-07	4.4e-07	24.1	20	62
GGNV00000000_6	Trypsin	8.5e-23	9.2e-23	75.4	1	58
GGNV00000000_7	Trypsin	1.2e-19	1.3e-19	65.0	19	77
GGNV00000000_8	Trypsin	5.8e-22	6.3e-22	72.6	1	57
GGNV00000000_9	Trypsin	3.3e-11	3.7e-11	37.4	3	62
GGNV00000000_9	GPHR_N	0.0006	0.00064	14.0	4	26
GHMA00000000_1	Pacifastin_I	6.9e-26	8.2e-14	45.3	23	56
GHMA00000000_1	Pacifastin_I	6.9e-26	9.2e-14	45.2	59	88
GHMA00000000_1	VWF	1.8e-09	4.4e-07	23.7	24	47
GHMA00000000_1	FnI_RECK	4.2e-07	1.7e-05	19.3	25	50
GHMA00000000_1	VWF	1.8e-09	0.0011	12.8	60	75
GHMA00000000_1	VWC	0.00034	0.0014	13.1	25	59
GHMA00000000_1	FnI_RECK	4.2e-07	0.0061	11.1	60	88
GHMA00000000_1	VWC	0.00034	0.064	7.8	57	88
GHMA00000000_2	Trypsin	8e-22	8.8e-22	72.2	1	57
GHMA00000000_2	Toxin_4	0.00071	0.00097	13.8	13	38
GHMA00000000_3	Trypsin	1.5e-20	1.6e-20	68.1	15	75
GHMD00000000_1	Trypsin	3.8e-22	4.1e-22	73.2	1	57
GHMD00000000_1	Toxin_4	0.00016	0.00022	15.9	13	38
GHMD00000000_2	Trypsin	2.9e-18	3.1e-18	60.6	22	87
GHMD00000000_3	Fibrinogen_C	1.1e-18	1.3e-18	61.8	2	75
GHMD00000000_4	TIL	4e-16	4.6e-16	53.0	24	76
GHMD00000000_5	TIL	2.7e-16	3.1e-16	53.5	23	76
GHMD00000000_5	TIL_OTOGL_Mucin	5e-07	5e-07	23.9	29	76
GHMD00000000_5	C_tripleX	0.00082	0.00082	13.5	31	56
GHMD00000000_5	C_tripleX	0.00082	43.0	-1.6	69	72
GHMD00000000_5	C_tripleX	0.00082	56.0	-2.0	21	23
GHXO00000000_1	Peptidase_S10	6.9e-15	7.2e-15	49.4	4	73
GHXO00000000_2	Kunitz_BPTI	8.9e-22	1.3e-21	70.8	2	53
GHXO00000000_3	Serpin	3.6e-20	3.8e-20	66.6	3	84
GHXO00000000_4	COesterase	4.5e-14	5e-14	46.2	24	72
GHXO00000000_5	Trypsin	4.2e-23	4.6e-23	76.3	1	58
GHXO00000000_6	Defensin_2	1.4e-17	1.4e-17	57.5	62	93
GHXO00000000_6	Gamma-thionin	0.00038	0.00068	14.1	61	93
GHXO00000000_6	Defensin_2	1.4e-17	39.0	-1.4	51	57
GHXO00000000_7	Trehalase	5.5e-25	5.9e-25	82.2	4	95
GIFB00000000_1	Peptidase_M13	1.4e-14	1.5e-14	48.3	1	55
GIFB00000000_2	Peptidase_M13	5e-19	5.5e-19	62.8	2	80
GIPG00000000_1	TIL	9.3e-15	1.2e-14	48.4	32	85
GIPG00000000_1	TIL_OTOGL_Mucin	4.5e-05	8e-05	16.9	38	85
GIPG00000000_2	Trypsin	1.1e-13	1.3e-13	45.5	23	72
GJBK00000000_1	Pacifastin_I	2.1e-25	1.2e-14	48.0	59	89
GJBK00000000_1	Pacifastin_I	2.1e-25	2.2e-12	40.8	23	53
GJBK00000000_1	VWF	3.3e-11	7e-08	26.2	25	48
GJBK00000000_1	FnI_RECK	4.4e-10	1.5e-06	22.7	26	51
GJBK00000000_1	FnI_RECK	4.4e-10	9e-05	17.0	55	88
GJBK00000000_1	VWF	3.3e-11	0.00015	15.6	61	75
GJBK00000000_1	VWC2L_2nd	0.00054	0.0028	11.6	65	89
GJBK00000000_1	VWC2L_2nd	0.00054	0.055	7.5	28	54
GJBK00000000_2	Pacifastin_I	2e-27	7.9e-15	48.6	60	91
GJBK00000000_2	Pacifastin_I	2e-27	3.4e-14	46.6	23	57
GJBK00000000_2	VWF	6e-09	1.6e-06	21.9	25	49
GJBK00000000_2	FnI_RECK	1.3e-08	1e-05	20.0	27	51
GJBK00000000_2	FnI_RECK	1.3e-08	0.00032	15.2	62	89
GJBK00000000_2	VWF	6e-09	0.00071	13.4	62	76
GJNK00000000_1	Kunitz_BPTI	9.6e-12	1.3e-11	38.8	40	89
GJNK00000000_2	Trypsin	3.6e-22	4e-22	73.3	1	61
GJNK00000000_2	DUF316	0.00025	0.00025	14.8	12	40
GJNK00000000_3	Trypsin	7.9e-22	9e-22	72.1	11	76
GJVN00000000_1	Kunitz_BPTI	7.9e-12	1.1e-11	39.1	25	73
GJVO00000000_1	Kunitz_BPTI	1.7e-14	4e-14	46.8	31	81
GKJD00000000_1	TIL	5.2e-17	6e-17	55.8	23	78
GKJD00000000_1	TIL_OTOGL_Mucin	1e-05	1.5e-05	19.2	29	78
GKJD00000000_1	C_tripleX	0.00083	0.00083	13.5	31	58
GKJD00000000_1	C_tripleX	0.00083	99.0	-2.8	74	74
GKJD00000000_2	Kunitz_BPTI	1e-22	1.3e-22	74.0	34	86
GKJD00000000_3	Kunitz_BPTI	1.1e-21	1.4e-21	70.7	36	87
GKJH00000000_1	TIL	2.6e-16	3e-16	53.6	24	79
GKJH00000000_1	TIL_OTOGL_Mucin	1.2e-07	1.2e-07	25.9	30	79
GKJH00000000_1	C_tripleX	0.00065	0.00065	13.8	32	59
GKJH00000000_1	C_tripleX	0.00065	56.0	-2.0	73	76
GKJH00000000_1	C_tripleX	0.00065	220.0	-3.9	23	24
GKJH00000000_2	Kazal_1	2.9e-11	4.4e-11	36.9	33	82
GKJH00000000_2	Kazal_2	2.6e-09	3.4e-09	31.0	33	82
GKJH00000000_2	DUF1505	2.3e-05	6e-05	17.4	1	71
GKJJ00000000_1	TIL	3.5e-12	4.2e-12	40.3	23	77
GKJO00000000_1	Kunitz_BPTI	2.5e-22	3.1e-22	72.8	33	83
GKJR00000000_1	Pacifastin_I	2.1e-23	6.7e-14	45.6	61	90
GKJR00000000_1	Pacifastin_I	2.1e-23	3.5e-11	36.9	25	57
GKJR00000000_1	VWF	3.2e-11	4e-08	27.0	29	51
GKJR00000000_1	FnI_RECK	4.1e-08	2.3e-05	18.9	63	90
GKJR00000000_1	VWF	3.2e-11	0.00015	15.6	62	77
GKJR00000000_1	FnI_RECK	4.1e-08	0.00052	14.5	35	53
GKJR00000000_1	VWC	0.00049	0.033	8.8	34	61
GKJR00000000_1	VWC	0.00049	0.043	8.4	53	90
GKJS00000000_1	Trypsin	9.1e-27	9.9e-27	88.3	2	72
GKJT00000000_1	TIL	1.7e-16	1.9e-16	54.2	23	76
GKJT00000000_1	TIL_OTOGL_Mucin	1.9e-06	2.6e-06	21.6	28	76
GKJT00000000_2	Trypsin	3.5e-21	3.9e-21	70.1	1	57
GKJT00000000_2	Toxin_4	0.00086	0.0012	13.5	13	38
GKKE00000000_1	TIL	8.8e-16	1.1e-15	51.8	27	82
GKKE00000000_1	TIL_OTOGL_Mucin	2.2e-05	2.2e-05	18.7	34	82
GKKE00000000_1	TIL_OTOGL_Mucin	2.2e-05	33.0	-1.1	18	32
GKKE00000000_2	TIL	8.3e-16	9.6e-16	52.0	24	79
GKKE00000000_2	TIL_OTOGL_Mucin	1.6e-05	2.3e-05	18.6	31	79
GLCS00000000_1	Trypsin	1.8e-17	2e-17	57.9	6	87
Geotrupes_spiniger_1	Trypsin	1.6e-22	1.7e-22	74.5	1	64
Geotrupes_spiniger_2	TIL	1.1e-16	1.2e-16	54.8	21	74
Geotrupes_spiniger_2	TIL_OTOGL_Mucin	0.00073	0.00065	14.0	27	58
HBUA00000000_1	TIL	1.8e-11	1.8e-11	38.3	32	88
Helophorus_nanus_1	Kunitz_BPTI	2.5e-22	3.1e-22	72.8	33	83
Heteronyx_sp_1	Kunitz_BPTI	2.8e-19	3.5e-19	63.0	26	79
Heteronyx_sp_2	Kunitz_BPTI	3.5e-20	4.4e-20	65.9	26	80
Heteronyx_sp_3	Kazal_1	3.4e-09	5.2e-09	30.3	37	83
Heteronyx_sp_3	Kazal_2	5.4e-09	7.2e-09	29.9	35	83
Heteronyx_sp_3	DUF1505	1.1e-05	3.1e-05	18.4	1	72
Heteronyx_sp_3	YxzE	0.0003	0.00038	15.7	3	50
Heteronyx_sp_3	Eas	0.00018	0.00048	14.5	1	75
Hippodamia_convergens_1	Kunitz_BPTI	9.6e-12	1.3e-11	38.8	40	89
Hoplia_philanthus_1	Trypsin	4.9e-20	5.4e-20	66.3	2	81
Hoplia_philanthus_2	Peptidase_M13	2.2e-20	2.3e-20	67.3	1	65
Hydrochara_caraboides_1	Trypsin	1.2e-21	1.3e-21	71.6	11	76
Hydrochus_megaphallus_1	Peptidase_M13	1.3e-19	1.4e-19	64.7	7	84
Hydroscapha_redfordi_1	Defensin_2	1.7e-18	1.7e-18	60.5	63	93
Hydroscapha_redfordi_1	Gamma-thionin	0.00019	0.00019	15.9	65	93
Hydroscapha_redfordi_1	Defensin_2	1.7e-18	56.0	-1.9	51	57
Hydroscapha_redfordi_1	Gamma-thionin	0.00019	73.0	-2.0	5	15
Hydroscapha_redfordi_2	Trypsin	1.5e-20	1.7e-20	68.0	1	58
Hydroscapha_redfordi_3	Trypsin	1.8e-16	1.9e-16	54.7	1	62
Hygrobia_hermanni_1	TIL	3.4e-12	4.3e-12	40.3	25	81
Hygrobia_nigra_1	COesterase	3.8e-29	4.4e-29	95.9	29	91
Hygrobia_nigra_1	BD-FAE	4.2e-05	5e-05	17.1	44	77
Hygrobia_nigra_1	Abhydrolase_3	0.00039	0.00046	14.2	44	78
ICLG00000000_1	TIL	3.8e-16	4.4e-16	53.1	23	77
ICLG00000000_1	TIL	3.8e-16	4.4e-16	53.1	23	77
ICLG00000000_1	TIL_OTOGL_Mucin	0.00024	0.00024	15.4	30	77
ICLG00000000_1	TIL_OTOGL_Mucin	0.00024	0.00024	15.4	30	77
ICLG00000000_2	COesterase	1.4e-23	1.6e-23	77.6	1	51
ICLG00000000_2	COesterase	1.4e-23	1.6e-23	77.6	1	51
ICLG00000000_2	BD-FAE	5.2e-08	5.2e-08	26.8	2	40
ICLG00000000_2	BD-FAE	5.2e-08	5.2e-08	26.8	2	40
ICLG00000000_2	Abhydrolase_3	4.1e-07	4.1e-07	24.1	4	35
ICLG00000000_2	Abhydrolase_3	4.1e-07	4.1e-07	24.1	4	35
ICLG00000000_2	Peptidase_S9	0.00096	0.00099	12.8	8	39
ICLG00000000_2	Peptidase_S9	0.00096	0.00099	12.8	8	39
ICLG00000000_3	Trypsin	5.3e-19	5.9e-19	62.9	2	92
ICLG00000000_3	Trypsin	5.3e-19	5.9e-19	62.9	2	92
ICLG00000000_4	Trypsin	1e-26	1.1e-26	88.2	2	94
ICLG00000000_4	Trypsin	1e-26	1.1e-26	88.2	2	94
ICLG00000000_5	G_glu_transpept	8.4e-12	9.7e-12	38.5	28	65
ICLG00000000_5	G_glu_transpept	8.4e-12	9.7e-12	38.5	28	65
Inopeplus_dimidiatus_1	Trypsin	7.1e-21	8.6e-21	68.9	1	53
Inopeplus_dimidiatus_1	Toxin_4	0.00034	0.00043	14.9	11	53
Inopeplus_dimidiatus_1	Toxin_4	0.00034	180.0	-3.1	67	75
Inopeplus_dimidiatus_2	Peptidase_M13	1.3e-19	1.5e-19	64.6	9	87
Lamprohiza_splendidula_1	Trypsin	2.8e-24	3.1e-24	80.2	8	92
Lamprohiza_splendidula_1	Peptidase_S55	0.00071	0.00077	13.6	33	69
Lepiserica_sp_1	TIL	4.1e-17	4.8e-17	56.1	23	78
Lepiserica_sp_1	TIL_OTOGL_Mucin	2.3e-06	3.1e-06	21.4	28	78
Lepiserica_sp_3	TIL	6.6e-11	1e-10	35.9	34	89
Lepiserica_sp_4	Kunitz_BPTI	1.5e-22	1.8e-22	73.5	34	86
Lepiserica_sp_5	Kunitz_BPTI	7.1e-22	8.7e-22	71.4	36	87
Leptinotarsa_decemlineata_1	Trypsin	3.7e-07	4.4e-07	24.1	20	62
Leptinotarsa_decemlineata_2	Serpin	5e-25	5.8e-25	82.4	4	90
Leptinotarsa_decemlineata_3	Peptidase_M13	7.7e-23	8e-23	75.3	14	85
Lilioceris_merdigera_1	Trypsin	8.8e-24	9.7e-24	78.6	4	85
Liopterus_haemorrhoidalis_1	Kunitz_BPTI	1.8e-22	2.2e-22	73.3	35	86
Liopterus_haemorrhoidalis_2	Trypsin	1.1e-18	1.2e-18	61.9	23	85
Liopterus_haemorrhoidalis_2	DUF1986	1.2e-05	2.2e-05	19.1	35	83
Liopterus_haemorrhoidalis_2	DUF1986	1.2e-05	78.0	-2.0	11	26
Liparetrus_sp_1	Kunitz_BPTI	8.3e-24	1.1e-23	77.5	26	77
Macrosiagon_limbatum_1	Kunitz_BPTI	1.3e-21	1.8e-21	70.4	33	85
Macrosiagon_limbatum_2	TIL	4.6e-12	5.6e-12	39.9	26	81
Maechidius_sp_1	Kunitz_BPTI	1.3e-23	1.9e-23	76.7	41	92
Maechidius_sp_2	CAP	7.3e-11	8.7e-11	37.0	8	72
Megasternum_obscurum_1	Asp	2.7e-17	3e-17	57.2	9	96
Megasternum_obscurum_1	TAXi_C	4e-07	4.5e-07	24.0	25	96
Megasternum_obscurum_1	DUF8208	0.00037	0.0005	13.1	20	48
Melanotus_villosus_1	TIL	4.8e-11	6e-11	36.6	30	85
Microcara_testacea_1	Kunitz_BPTI	1.7e-14	2.1e-14	47.7	45	91
Microcara_testacea_2	Trypsin	3.2e-19	3.5e-19	63.6	1	63
Microcara_testacea_2	NHL	0.00076	0.0012	13.1	13	33
Micromalthus_debilis_1	Trypsin	3.9e-26	4.2e-26	86.3	2	92
Migdolus_fryanus_1	Kunitz_BPTI	1e-13	1.5e-13	44.9	30	81
Migdolus_fryanus_2	Kunitz_BPTI	7.1e-11	1e-10	35.9	38	82
Migdolus_fryanus_3	Kunitz_BPTI	6.5e-11	8.7e-11	36.1	39	82
Migdolus_fryanus_4	Kunitz_BPTI	1.3e-11	1.7e-11	38.4	39	82
Migdolus_fryanus_5	Kunitz_BPTI	9.4e-22	1.3e-21	70.8	32	83
Migdolus_fryanus_5	DUF2706	0.00045	0.00066	13.8	4	28
Neoserica_sp_1	Kazal_2	8.5e-08	1.1e-07	26.1	24	74
Neoserica_sp_1	Kazal_CFAI	5.5e-06	8.4e-06	20.4	43	74
Neoserica_sp_1	Kazal_1	1.5e-05	2.6e-05	18.4	28	74
Neoserica_sp_1	Kazal_C6	4.3e-05	5.9e-05	17.3	31	74
Neoserica_sp_2	Trypsin	3.4e-23	3.7e-23	76.6	1	57
Neoserica_sp_2	Toxin_4	6.8e-05	9.8e-05	17.0	13	39
Neoserica_sp_3	COesterase	1.1e-28	1.4e-28	94.3	4	69
Neoserica_sp_3	Abhydrolase_3	1.8e-06	2e-06	21.9	19	55
Neoserica_sp_3	BD-FAE	1.8e-05	1.8e-05	18.5	20	55
Neoserica_sp_4	Trypsin	2.2e-19	2.4e-19	64.2	1	66
Nicrophorus_orbicollis_1	Trypsin	5.9e-18	6.5e-18	59.5	3	87
Nicrophorus_orbicollis_2	Phospholip_A2_1	2.5e-10	3.4e-10	34.7	61	98
Nicrophorus_orbicollis_2	Phospholip_A2_1	2.5e-10	90.0	-2.1	34	42
Ocypus_brunnipes_1	Pacifastin_I	2.1e-23	6.7e-14	45.6	61	90
Ocypus_brunnipes_1	Pacifastin_I	2.1e-23	3.5e-11	36.9	25	57
Ocypus_brunnipes_1	VWF	3.2e-11	4e-08	27.0	29	51
Ocypus_brunnipes_1	FnI_RECK	4.1e-08	2.3e-05	18.9	63	90
Ocypus_brunnipes_1	VWF	3.2e-11	0.00015	15.6	62	77
Ocypus_brunnipes_1	FnI_RECK	4.1e-08	0.00052	14.5	35	53
Ocypus_brunnipes_1	VWC	0.00049	0.033	8.8	34	61
Ocypus_brunnipes_1	VWC	0.00049	0.043	8.4	53	90
Odontotaenius_disjunctus_1	Trypsin	1.3e-17	1.5e-17	58.4	1	64
Onthophagus_curvicornis_1	TIL	2.7e-16	3.1e-16	53.5	23	76
Onthophagus_curvicornis_1	TIL_OTOGL_Mucin	5e-07	5e-07	23.9	29	76
Onthophagus_curvicornis_1	C_tripleX	0.00082	0.00082	13.5	31	56
Onthophagus_curvicornis_1	C_tripleX	0.00082	43.0	-1.6	69	72
Onthophagus_curvicornis_1	C_tripleX	0.00082	56.0	-2.0	21	23
Onthophagus_curvicornis_2	Trypsin	7e-22	8.3e-22	72.2	1	57
Onthophagus_curvicornis_3	Trypsin	2.7e-19	2.9e-19	63.9	1	58
Onthophagus_similis_1	TIL	1.7e-16	1.9e-16	54.2	23	76
Onthophagus_similis_1	TIL_OTOGL_Mucin	1.9e-06	2.6e-06	21.6	28	76
Orphnus_sp_1	Kunitz_BPTI	3.6e-23	4.9e-23	75.4	32	84
Orphnus_sp_1	Kelch_1	0.00069	0.0013	12.5	48	77
Orphnus_sp_2	TIL	3.7e-17	4.2e-17	56.3	22	77
Orphnus_sp_2	TIL_OTOGL_Mucin	1.3e-07	1.3e-07	25.8	27	77
Orphnus_sp_2	C_tripleX	0.00066	0.00066	13.8	30	57
Orphnus_sp_2	C_tripleX	0.00066	120.0	-3.0	71	72
Orphnus_sp_2	C_tripleX	0.00066	150.0	-3.4	21	22
Oxysternon_conspicillatum_1	Peptidase_M13	4e-20	4.3e-20	66.4	1	65
Oxysternon_conspicillatum_2	Trypsin	4.9e-19	5.1e-19	63.1	5	84
Pachypus_sp_1	TIL	3.7e-11	4.9e-11	36.9	27	82
Photinus_pyralis_1	COesterase	2.9e-29	3.2e-29	96.4	2	62
Photinus_pyralis_1	Abhydrolase_3	1.6e-08	1.7e-08	28.6	12	48
Photinus_pyralis_1	BD-FAE	1.4e-06	1.4e-06	22.1	13	51
Photinus_pyralis_1	Peptidase_S9	2.3e-05	2.6e-05	18.0	8	48
Photinus_pyralis_2	COesterase	1.7e-31	1.8e-31	103.8	3	91
Phyllotocus_sp_1	Kunitz_BPTI	7e-22	9.3e-22	71.3	33	85
Phyllotocus_sp_2	TIL	5.1e-16	6e-16	52.6	22	77
Phyllotocus_sp_2	TIL_OTOGL_Mucin	1.1e-07	1.4e-07	25.7	27	77
Phyllotocus_sp_2	C_tripleX	0.00038	0.00038	14.5	30	57
Phyllotocus_sp_2	C_tripleX	0.00038	63.0	-2.1	71	72
Phyllotocus_sp_3	Kunitz_BPTI	9.8e-23	1.5e-22	73.8	33	84
Platycerus_caraboides_1	Trypsin	3.8e-20	4.2e-20	66.7	1	66
Platycerus_caraboides_2	Trypsin	2.2e-23	2.4e-23	77.3	2	93
Pleophylla_fasciatipennis_1	TIL	9.1e-17	1e-16	55.0	23	78
Pleophylla_fasciatipennis_1	TIL_OTOGL_Mucin	2.5e-08	3.4e-08	27.7	28	78
Pleurophorus_caesus_1	Trypsin	6.3e-20	6.9e-20	66.0	1	60
Priacma_serrata_1	Kunitz_BPTI	3.6e-19	4.3e-19	62.7	46	88
Psylliodes_chrysocephalus_1	Kunitz_BPTI	2.1e-12	2.8e-12	40.9	27	75
Psylliodes_chrysocephalus_2	Kunitz_BPTI	1.7e-14	4e-14	46.8	31	81
SRR1562204_1	Kunitz_BPTI	7.1e-11	1e-10	35.9	38	82
SRR1562204_2	Kunitz_BPTI	8.1e-12	1.1e-11	39.0	39	82
SRR1562204_3	Trypsin	2.3e-27	2.7e-27	90.2	4	85
SRR1562204_4	Kunitz_BPTI	1e-13	1.5e-13	44.9	30	81
SRR1562204_5	Trypsin	1.3e-25	1.4e-25	84.5	4	66
SRR1562204_6	Kunitz_BPTI	5e-22	7e-22	71.7	32	83
SRR1562204_6	DUF2706	0.00045	0.00066	13.8	4	28
SRR1562205_1	Kunitz_BPTI	1e-13	1.5e-13	44.9	30	81
SRR1562205_2	Kunitz_BPTI	9.4e-22	1.3e-21	70.8	32	83
SRR1562205_2	DUF2706	0.00045	0.00066	13.8	4	28
SRR1562205_3	Trypsin	1.7e-20	1.9e-20	67.8	1	58
SRR1562205_4	Kunitz_BPTI	1.3e-11	1.7e-11	38.4	39	82
SRR1562206_1	Trypsin	2e-21	2.3e-21	70.8	1	59
SRR1562207_1	Trypsin	8.8e-23	9.7e-23	75.3	1	59
SRR1562207_2	Trypsin	2.3e-27	2.7e-27	90.2	4	85
SRR19974962_1	Kunitz_BPTI	6.4e-14	8.4e-14	45.8	32	81
SRR2083631_1	Trypsin	3.8e-29	4.2e-29	96.1	2	79
SRR2083631_2	COesterase	1.3e-21	1.3e-21	71.2	1	48
SRR2083631_2	BD-FAE	1.6e-08	1.6e-08	28.5	2	50
SRR2083631_2	Abhydrolase_3	4.6e-07	4.6e-07	24.0	8	35
SRR2083631_2	Peptidase_S9	0.00034	0.00034	14.3	3	38
SRR2083703_1	Pacifastin_I	2.1e-23	6.7e-14	45.6	61	90
SRR2083703_1	Pacifastin_I	2.1e-23	3.5e-11	36.9	25	57
SRR2083703_1	VWF	3.2e-11	4e-08	27.0	29	51
SRR2083703_1	FnI_RECK	4.1e-08	2.3e-05	18.9	63	90
SRR2083703_1	VWF	3.2e-11	0.00015	15.6	62	77
SRR2083703_1	FnI_RECK	4.1e-08	0.00052	14.5	35	53
SRR2083703_1	VWC	0.00049	0.033	8.8	34	61
SRR2083703_1	VWC	0.00049	0.043	8.4	53	90
SRR31715513_1	CAP	8.2e-13	9.3e-13	43.3	12	73
SRR3521424_1	Trypsin	1.1e-22	1.2e-22	75.0	2	92
SRR3521424_2	Kunitz_BPTI	5.4e-22	7e-22	71.7	29	81
Scitalia_sp_1	Kunitz_BPTI	4.9e-20	5.9e-20	65.5	31	83
Scitalia_sp_1	ELAPOR1_C	3.7e-06	1.2e-05	19.2	60	84
Scitalia_sp_1	ELAPOR1_C	3.7e-06	9.3	0.3	37	50
Scitalia_sp_2	Kunitz_BPTI	7.4e-25	8.8e-25	80.9	30	82
Scitalia_sp_3	TIL	7.8e-17	9.2e-17	55.2	22	77
Scitalia_sp_3	TIL_OTOGL_Mucin	2.4e-07	3.3e-07	24.5	27	77
Serangium_japonicum_1	Trypsin	7.8e-22	8.9e-22	72.1	11	76
Serica_brunnea_1	Kunitz_BPTI	1.1e-21	1.4e-21	70.7	36	87
Serica_brunnea_2	TIL	7.1e-17	8.2e-17	55.4	23	78
Serica_brunnea_2	TIL_OTOGL_Mucin	1.3e-05	1.8e-05	18.9	29	78
Serica_brunnea_2	C_tripleX	0.00035	0.00083	13.5	31	58
Sisyphus_schaefferi_1	Trypsin	3e-21	3.2e-21	70.3	1	55
Sisyphus_schaefferi_1	Hormone_3	6.9e-05	8.3e-05	16.8	38	59
Sisyphus_schaefferi_1	Toxin_4	0.00079	0.0011	13.7	12	37
Sisyphus_schaefferi_2	Peptidase_M13	1.1e-19	1.2e-19	64.9	1	65
Sisyphus_schaefferi_3	TIL	2.1e-17	2.4e-17	57.1	23	76
Sisyphus_schaefferi_3	TIL_OTOGL_Mucin	9.1e-07	1.4e-06	22.5	29	76
Sisyphus_schaefferi_3	ETRAMP	0.00099	0.0082	10.4	1	21
Sisyphus_schaefferi_3	ETRAMP	0.00099	3.9	1.8	47	65
Sisyphus_schaefferi_4	Peptidase_M13	7e-19	7.6e-19	62.3	1	63
Sitophilus_oryzae_1	Kunitz_BPTI	3.2e-16	5.2e-16	52.9	32	81
Sitophilus_oryzae_2	Kunitz_BPTI	5.5e-14	7.1e-14	46.0	32	81
Sitophilus_zeamais_1	MRJP	1.4e-22	1.5e-22	74.5	7	94
Sitophilus_zeamais_2	Kunitz_BPTI	6.4e-14	8.4e-14	45.8	32	81
Sophrops_sp_1	TIL	2.3e-17	2.8e-17	56.9	24	79
Sophrops_sp_1	TIL_OTOGL_Mucin	6.5e-08	6.5e-08	26.8	30	79
Spercheus_emarginatus_2	TIL	5.8e-17	6.7e-17	55.7	22	76
Spercheus_emarginatus_2	TIL_OTOGL_Mucin	8.2e-11	1.1e-10	35.7	27	76
Spercheus_emarginatus_3	Trypsin	8.2e-22	9.4e-22	72.1	11	76
Tenebrio_molitor_1	Trypsin	1.4e-22	1.5e-22	74.7	1	61
Tenebrio_molitor_1	DUF316	0.00015	0.00015	15.6	12	59
Tenebrio_molitor_2	TIL	9.2e-15	1.2e-14	48.4	32	85
Tenebrio_molitor_2	TIL_OTOGL_Mucin	0.00016	0.00028	15.1	38	85
Triodontella_sp_1	Trypsin	8.6e-21	9.8e-21	68.7	9	92
Triodontella_sp_1	Trypsin_2	0.00095	0.0011	14.0	18	86
Triodontella_sp_2	Glyco_hydro_56	9.7e-19	1.1e-18	61.2	3	93
Triodontella_sp_3	Serpin	8.7e-17	9.2e-17	55.4	4	77
Triodontella_sp_4	TIL	1.5e-16	1.8e-16	54.3	22	77
Triodontella_sp_4	TIL_OTOGL_Mucin	1.1e-07	1.5e-07	25.6	27	77
Zophobas_atratus_1	COesterase	4.4e-31	5.1e-31	102.3	3	91
